Shipment_ID,timestamp,driver_id,vehicle_id,route_id,supplier_id,shipping_costs,delivery_time_deviation,iot_temperature,order_fulfillment_status
100001,2026-01-11 23:15:00,DRV_00044,VEH_00078,RTE_00005,SUP_00010,1715.34,28.58,16.8,2.0
100002,2026-01-01 14:20:00,DRV_00049,VEH_00075,RTE_00017,SUP_00003,6798.04,7.08,3.2,1.0
100003,2026-02-23 08:20:00,DRV_00017,VEH_00009,RTE_00010,SUP_00009,11893.39,67.96,15.1,1.0
100004,2026-02-08 02:46:00,DRV_00010,VEH_00016,RTE_00028,SUP_00012,6060.97,54.05,-1.5,3.0
100005,2026-01-05 08:25:00,DRV_00049,VEH_00069,RTE_00021,SUP_00484,18725.68,15.66,13.5,1.0
100006,2026-02-27 05:06:00,DRV_00047,VEH_00061,RTE_00018,SUP_00014,23020.6,40.49,1.4,2.0
100007,2026-01-26 19:54:00,DRV_00012,VEH_00010,RTE_00007,SUP_00001,10882.37,50.55,14.4,2.0
100008,2026-03-02 18:18:00,DRV_00016,VEH_00050,RTE_00003,SUP_00018,8882.25,67.48,13.4,1.0
100009,2026-01-31 15:31:00,DRV_00024,VEH_00003,RTE_00013,SUP_00017,24057.99,62.89,9.9,2.0
100010,2026-02-11 20:23:00,DRV_00019,VEH_00077,RTE_00015,SUP_00009,11398.88,34.67,4.7,3.0
100011,2026-01-12 03:03:00,DRV_00008,VEH_00070,RTE_00020,SUP_00009,12481.69,54.65,3.3,3.0
100012,2026-01-29 12:50:00,DRV_00031,VEH_00051,RTE_00019,SUP_00484,9115.42,38.29,0.4,1.0
100013,2026-02-16 16:21:00,DRV_00021,VEH_00019,RTE_00003,SUP_00010,22783.94,37.56,8.2,1.0
100014,2026-02-15 00:20:00,DRV_00017,VEH_00042,RTE_00004,SUP_00019,14439.41,3.84,9.7,3.0
100015,2026-01-01 12:49:00,DRV_00023,VEH_00035,RTE_00005,SUP_00015,19173.28,4.71,18.6,2.0
100016,2026-02-11 11:35:00,DRV_00037,VEH_00046,RTE_00001,SUP_00005,20389.26,35.77,7.5,1.0
100017,2026-02-13 17:15:00,DRV_00016,VEH_00026,RTE_00004,SUP_00015,8875.3,15.7,5.3,1.0
100018,2026-02-15 02:05:00,DRV_00006,VEH_00069,RTE_00012,SUP_00726,11125.51,16.88,10.8,2.0
100019,2026-02-17 04:49:00,DRV_00008,VEH_00064,RTE_00028,SUP_00484,21287.56,50.66,18.6,1.0
100020,2026-01-04 16:31:00,DRV_00025,VEH_00037,RTE_00027,SUP_00002,9399.76,-2.5,18.6,2.0
100021,2026-02-27 17:04:00,DRV_00018,VEH_00049,RTE_00024,SUP_00013,19951.41,40.84,5.6,2.0
100022,2026-02-07 07:07:00,DRV_00025,VEH_00021,RTE_00010,SUP_00101,23554.31,36.52,0.8,2.0
100023,2026-03-01 05:45:00,DRV_00012,VEH_00074,RTE_00023,SUP_00016,15768.65,69.6,10.5,2.0
100024,2026-01-20 22:13:00,DRV_00015,VEH_00064,RTE_00025,SUP_00015,18669.87,32.28,12.6,2.0
100025,2026-02-19 22:52:00,DRV_00026,VEH_00005,RTE_00021,SUP_00010,20224.88,-0.1,18.6,3.0
100026,2026-03-06 14:16:00,DRV_00041,VEH_00070,RTE_00029,SUP_00014,21203.47,37.48,3.6,2.0
100027,2026-01-18 19:38:00,DRV_00045,VEH_00004,RTE_00727,SUP_00010,10178.81,59.76,17.0,3.0
100028,2026-02-28 15:58:00,DRV_00026,VEH_00039,RTE_00026,SUP_00014,1755.95,71.76,-0.7,2.0
100029,2026-01-13 19:11:00,DRV_00047,VEH_00035,RTE_00020,SUP_00484,10345.97,28.14,10.1,1.0
100030,2026-01-02 21:47:00,DRV_00032,VEH_00001,RTE_00024,SUP_00009,17007.03,19.66,-0.9,3.0
100031,2026-02-11 01:50:00,DRV_00010,VEH_00024,RTE_00025,SUP_00014,11533.58,64.81,15.9,1.0
100032,2026-02-15 15:25:00,DRV_00016,VEH_00057,RTE_00013,SUP_00003,18849.6,9.73,8.6,2.0
100033,2026-02-28 18:54:00,DRV_00007,VEH_00070,RTE_00023,SUP_00726,9246.07,26.97,11.4,2.0
100034,2026-01-25 20:13:00,DRV_00017,VEH_00041,RTE_00014,SUP_00016,16051.23,26.24,14.6,1.0
100035,2026-02-16 19:55:00,DRV_00023,VEH_00054,RTE_00052,SUP_00002,5067.29,-1.84,1.0,2.0
100036,2026-02-09 12:06:00,DRV_00026,VEH_00046,RTE_00023,SUP_00010,18859.55,21.74,-1.2,1.0
100037,2026-02-16 09:23:00,DRV_00021,VEH_00060,RTE_00052,SUP_00003,13869.55,15.42,15.6,2.0
100038,2026-01-22 21:51:00,DRV_00022,VEH_00060,RTE_00005,SUP_00011,5499.58,47.83,4.3,2.0
100039,2026-01-08 21:54:00,DRV_00007,VEH_00057,RTE_00004,SUP_00011,7651.82,68.06,0.6,3.0
100040,2026-02-17 23:32:00,DRV_00014,VEH_00031,RTE_00014,SUP_00548,18840.91,15.4,7.4,1.0
100041,2026-01-03 16:50:00,DRV_00015,VEH_00024,RTE_00010,SUP_00548,12323.73,16.65,10.0,2.0
100042,2026-01-29 21:26:00,DRV_00007,VEH_00036,RTE_00017,SUP_00358,5792.77,-0.74,-1.4,1.0
100043,2026-03-08 20:36:00,DRV_00009,VEH_00030,RTE_00010,SUP_00013,24198.14,36.44,3.5,3.0
100044,2026-02-25 13:58:00,DRV_00048,VEH_00024,RTE_00026,SUP_00007,18020.56,0.43,19.4,1.0
100045,2026-03-02 15:13:00,DRV_00008,VEH_00030,RTE_00007,SUP_00484,23949.8,66.92,6.4,3.0
100046,2026-01-08 09:07:00,DRV_00023,VEH_00007,RTE_00016,SUP_00017,10964.07,54.01,15.9,1.0
100047,2026-01-07 02:32:00,DRV_00029,VEH_00035,RTE_00001,SUP_00002,12139.96,45.66,17.7,1.0
100048,2026-02-21 08:49:00,DRV_00018,VEH_00055,RTE_00017,SUP_00012,22499.9,58.44,10.7,3.0
100049,2026-01-30 20:41:00,DRV_00031,VEH_00014,RTE_00021,SUP_00010,13363.71,44.86,1.2,2.0
100050,2026-02-23 03:52:00,DRV_00030,VEH_00010,RTE_00029,SUP_00018,17828.33,69.61,16.1,2.0
100051,2026-01-17 14:17:00,DRV_00039,VEH_00016,RTE_00009,SUP_00358,6678.24,49.97,8.3,2.0
100052,2026-02-17 07:48:00,DRV_00035,VEH_00054,RTE_00006,SUP_00011,11444.8,66.2,1.1,1.0
100053,2026-01-17 07:23:00,DRV_00018,VEH_00077,RTE_00019,SUP_00016,3524.52,34.82,16.4,1.0
100054,2026-02-03 17:15:00,DRV_00042,VEH_00070,RTE_00013,SUP_00017,5546.51,4.01,13.1,2.0
100055,2026-01-12 21:59:00,DRV_00039,VEH_00044,RTE_00003,SUP_00019,523.11,35.67,12.6,1.0
100056,2026-02-25 14:37:00,DRV_00017,VEH_00073,RTE_00007,SUP_00018,1461.99,4.77,18.6,1.0
100057,2026-01-25 22:40:00,DRV_00014,VEH_00045,RTE_00022,SUP_00003,24443.45,40.62,2.0,2.0
100058,2026-03-05 22:27:00,DRV_00031,VEH_00056,RTE_00009,SUP_00548,6437.67,41.85,2.2,3.0
100059,2026-02-16 14:41:00,DRV_00024,VEH_00057,RTE_00022,SUP_00016,16751.11,42.94,11.8,1.0
100060,2026-02-18 05:59:00,DRV_00035,VEH_00021,RTE_00005,SUP_00006,21057.94,-4.23,2.4,1.0
100061,2026-03-04 03:15:00,DRV_00044,VEH_00068,RTE_00010,SUP_00012,13991.18,10.0,-1.5,1.0
100062,2026-01-14 12:17:00,DRV_00045,VEH_00050,RTE_00023,SUP_00011,4252.04,32.83,13.6,1.0
100063,2026-02-16 05:17:00,DRV_00034,VEH_00033,RTE_00017,SUP_00015,18338.85,68.19,13.7,3.0
100064,2026-02-23 14:29:00,DRV_00003,VEH_00007,RTE_00012,SUP_00015,15206.16,24.54,7.1,2.0
100065,2026-02-24 19:53:00,DRV_00037,VEH_00070,RTE_00023,SUP_00016,18415.64,27.68,13.8,1.0
100066,2026-02-06 19:15:00,DRV_00043,VEH_00015,RTE_00016,SUP_00010,19358.79,50.03,14.8,2.0
100067,2026-01-29 07:17:00,DRV_00040,VEH_00032,RTE_00003,SUP_00012,24397.55,41.49,11.1,1.0
100068,2026-01-07 17:32:00,DRV_00026,VEH_00075,RTE_01007,SUP_00013,14552.3,18.02,2.6,3.0
100069,2026-02-01 18:38:00,DRV_00023,VEH_00020,RTE_00025,SUP_00004,8870.21,26.63,3.5,2.0
100070,2026-02-20 06:49:00,DRV_00044,VEH_00015,RTE_00727,SUP_00007,16387.38,11.76,18.6,3.0
100071,2026-02-19 10:51:00,DRV_00039,VEH_00048,RTE_00022,SUP_00358,2176.8,69.38,0.3,1.0
100072,2026-02-15 14:57:00,DRV_00015,VEH_00071,RTE_00009,SUP_00002,22486.23,5.06,18.6,3.0
100073,2026-01-26 17:45:00,DRV_00049,VEH_00021,RTE_00029,SUP_00015,3424.83,23.63,2.2,3.0
100074,2026-03-05 22:53:00,DRV_00004,VEH_00042,RTE_00015,SUP_00008,8532.15,-3.01,7.1,1.0
100075,2026-03-10 22:59:00,DRV_00029,VEH_00026,RTE_00005,SUP_00007,20485.76,12.08,16.2,1.0
100076,2026-01-23 15:26:00,DRV_00022,VEH_00014,RTE_00023,SUP_00015,15134.15,55.1,19.4,2.0
100077,2026-01-09 00:14:00,DRV_00025,VEH_00057,RTE_00013,SUP_00484,10144.07,10.49,12.4,1.0
100078,2026-03-07 17:43:00,DRV_00013,VEH_00037,RTE_00052,SUP_00014,12099.17,1.16,11.7,2.0
100079,2026-01-29 01:17:00,DRV_00018,VEH_00058,RTE_00014,SUP_00008,21436.41,31.53,-0.1,3.0
100080,2026-03-05 11:07:00,DRV_00033,VEH_00021,RTE_00020,SUP_00012,8830.11,-4.23,16.5,3.0
100081,2026-01-01 16:56:00,DRV_00016,VEH_00069,RTE_00015,SUP_00013,21806.42,1.53,9.4,2.0
100082,2026-03-04 08:29:00,DRV_00045,VEH_00003,RTE_00016,SUP_00011,2659.29,57.19,5.3,1.0
100083,2026-02-08 14:31:00,DRV_00042,VEH_00037,RTE_00023,SUP_00017,19531.56,54.4,13.1,1.0
100084,2026-03-04 08:52:00,DRV_00044,VEH_00049,RTE_00013,SUP_00017,21264.92,65.47,-1.5,3.0
100085,2026-01-17 03:27:00,DRV_00002,VEH_00019,RTE_00017,SUP_00101,4954.53,60.8,11.9,2.0
100086,2026-01-17 21:00:00,DRV_00035,VEH_00012,RTE_00023,SUP_00004,11043.49,47.6,-1.2,3.0
100087,2026-02-21 10:25:00,DRV_00042,VEH_00061,RTE_00008,SUP_00548,4554.74,32.5,14.8,3.0
100088,2026-02-27 11:58:00,DRV_00034,VEH_00041,RTE_00021,SUP_00008,17811.8,55.28,7.0,1.0
100089,2026-01-07 10:28:00,DRV_00030,VEH_00033,RTE_00002,SUP_00005,13616.02,60.1,19.4,2.0
100090,2026-03-02 06:47:00,DRV_00013,VEH_00050,RTE_00005,SUP_00016,16065.42,56.53,2.4,3.0
100091,2026-01-09 11:05:00,DRV_00013,VEH_00068,RTE_00006,SUP_00004,5313.93,34.15,11.5,1.0
100092,2026-02-14 05:44:00,DRV_00018,VEH_00071,RTE_00012,SUP_00358,5687.77,12.93,13.4,3.0
100093,2026-03-02 06:19:00,DRV_00032,VEH_00033,RTE_00018,SUP_00015,1516.68,60.09,7.5,3.0
100094,2026-01-28 03:39:00,DRV_00032,VEH_00024,RTE_01007,SUP_00012,8390.65,50.99,18.6,1.0
100095,2026-01-06 22:51:00,DRV_00035,VEH_00061,RTE_00022,SUP_00005,14213.74,70.52,7.1,1.0
100096,2026-01-27 10:04:00,DRV_00039,VEH_00061,RTE_00022,SUP_00484,21519.41,6.99,15.9,2.0
100097,2026-02-05 13:34:00,DRV_00046,VEH_00028,RTE_00001,SUP_00016,16839.72,12.38,8.0,3.0
100098,2026-02-12 12:28:00,DRV_00029,VEH_00058,RTE_01007,SUP_00014,11167.21,11.31,19.4,2.0
100099,2026-02-04 00:24:00,DRV_00049,VEH_00043,RTE_00017,SUP_00010,23851.44,56.03,14.0,1.0
100100,2026-01-29 07:34:00,DRV_00029,VEH_00041,RTE_01007,SUP_00007,18121.51,9.39,6.2,1.0
100101,2026-01-02 18:48:00,DRV_00044,VEH_00039,RTE_00011,SUP_00013,23289.05,0.13,19.4,3.0
100102,2026-02-13 11:12:00,DRV_00016,VEH_00049,RTE_00052,SUP_00726,13425.91,17.36,6.1,2.0
100103,2026-02-16 22:03:00,DRV_00044,VEH_00017,RTE_00010,SUP_00005,6843.15,-3.09,14.5,2.0
100104,2026-01-02 20:55:00,DRV_00047,VEH_00070,RTE_00019,SUP_00003,1794.25,59.31,2.6,3.0
100105,2026-02-03 11:10:00,DRV_00010,VEH_00070,RTE_00014,SUP_00015,18289.08,23.13,8.5,3.0
100106,2026-01-04 15:38:00,DRV_00030,VEH_00065,RTE_00026,SUP_00004,3471.92,59.8,14.1,2.0
100107,2026-03-02 18:58:00,DRV_00025,VEH_00074,RTE_00010,SUP_00015,7917.99,37.71,5.1,1.0
100108,2026-01-28 10:24:00,DRV_00039,VEH_00005,RTE_00015,SUP_00014,13545.54,64.43,18.6,1.0
100109,2026-01-24 00:39:00,DRV_00020,VEH_00002,RTE_00028,SUP_00726,14328.21,35.65,2.9,3.0
100110,2026-01-10 17:06:00,DRV_00005,VEH_00022,RTE_00019,SUP_00019,15214.29,-4.3,0.2,2.0
100111,2026-02-12 22:58:00,DRV_00001,VEH_00057,RTE_00004,SUP_00013,4573.26,0.81,13.9,2.0
100112,2026-01-09 19:06:00,DRV_00030,VEH_00066,RTE_00002,SUP_00010,9803.57,14.28,-0.0,2.0
100113,2026-01-27 20:20:00,DRV_00049,VEH_00074,RTE_00009,SUP_00548,15621.26,55.04,3.4,1.0
100114,2026-01-03 11:21:00,DRV_00003,VEH_00016,RTE_00010,SUP_00005,24260.56,63.4,15.1,1.0
100115,2026-01-19 15:34:00,DRV_00045,VEH_00051,RTE_00028,SUP_00484,18326.96,30.42,4.9,2.0
100116,2026-02-14 19:05:00,DRV_00014,VEH_00039,RTE_00011,SUP_00726,23103.79,40.27,17.5,2.0
100117,2026-02-06 06:51:00,DRV_00030,VEH_00076,RTE_00014,SUP_00726,19174.2,31.78,17.6,3.0
100118,2026-01-16 17:42:00,DRV_00004,VEH_00040,RTE_00007,SUP_00006,14997.07,56.98,3.4,3.0
100119,2026-01-06 19:52:00,DRV_00018,VEH_00038,RTE_00023,SUP_00004,5204.57,69.48,-1.2,2.0
100120,2026-01-22 04:55:00,DRV_00037,VEH_00060,RTE_00015,SUP_00002,16833.8,15.68,12.1,2.0
100121,2026-02-24 14:03:00,DRV_00025,VEH_00059,RTE_00022,SUP_00358,15772.8,33.1,7.0,1.0
100122,2026-02-06 06:56:00,DRV_00048,VEH_00010,RTE_00727,SUP_00016,15260.49,1.63,0.0,2.0
100123,2026-03-03 21:35:00,DRV_00001,VEH_00064,RTE_00019,SUP_00018,12499.75,38.05,18.6,3.0
100124,2026-01-25 11:02:00,DRV_00046,VEH_00063,RTE_00022,SUP_00005,13452.09,33.71,-1.4,1.0
100125,2026-02-23 17:33:00,DRV_00015,VEH_00049,RTE_00015,SUP_00358,8693.84,6.12,15.4,3.0
100126,2026-02-25 06:15:00,DRV_00009,VEH_00064,RTE_01007,SUP_00004,13223.16,29.04,18.6,3.0
100127,2026-03-08 21:54:00,DRV_00015,VEH_00032,RTE_00028,SUP_00013,5340.12,20.73,18.6,1.0
100128,2026-02-28 18:51:00,DRV_00049,VEH_00007,RTE_00024,SUP_00019,20226.77,35.18,1.5,3.0
100129,2026-02-13 23:35:00,DRV_00024,VEH_00021,RTE_00008,SUP_00484,5051.54,40.1,17.2,2.0
100130,2026-01-08 14:45:00,DRV_00004,VEH_00020,RTE_00011,SUP_00002,2581.67,-4.35,11.9,3.0
100131,2026-01-18 00:58:00,DRV_00012,VEH_00026,RTE_00029,SUP_00013,11188.03,53.6,14.0,1.0
100132,2026-02-19 00:32:00,DRV_00037,VEH_00068,RTE_00009,SUP_00011,16628.53,49.9,6.0,1.0
100133,2026-03-10 01:38:00,DRV_00037,VEH_00015,RTE_00015,SUP_00358,11224.06,23.2,4.7,1.0
100134,2026-01-06 15:10:00,DRV_00043,VEH_00079,RTE_00001,SUP_00004,7280.48,-0.92,18.6,3.0
100135,2026-02-25 01:49:00,DRV_00006,VEH_00014,RTE_01007,SUP_00358,14175.19,53.13,7.6,2.0
100136,2026-01-19 22:26:00,DRV_00039,VEH_00027,RTE_00001,SUP_00726,9001.56,36.48,9.0,1.0
100137,2026-02-06 19:12:00,DRV_00046,VEH_00040,RTE_00019,SUP_00726,23355.26,45.78,19.4,2.0
100138,2026-02-27 14:28:00,DRV_00024,VEH_00058,RTE_00003,SUP_00015,23104.81,19.91,3.1,1.0
100139,2026-03-10 14:46:00,DRV_00011,VEH_00028,RTE_00010,SUP_00004,12808.11,9.15,18.6,2.0
100140,2026-01-05 19:10:00,DRV_00013,VEH_00026,RTE_00008,SUP_00009,8533.16,39.42,1.4,2.0
100141,2026-03-05 04:22:00,DRV_00034,VEH_00063,RTE_00015,SUP_00007,18559.74,6.92,17.3,2.0
100142,2026-01-01 03:26:00,DRV_00025,VEH_00066,RTE_00010,SUP_00019,1399.47,22.43,-1.7,1.0
100143,2026-03-02 10:54:00,DRV_00007,VEH_00025,RTE_00001,SUP_00019,12131.84,48.67,7.6,3.0
100144,2026-03-03 00:57:00,DRV_00004,VEH_00003,RTE_00029,SUP_00006,8739.92,38.13,4.7,3.0
100145,2026-01-17 06:19:00,DRV_00008,VEH_00072,RTE_00018,SUP_00006,23053.13,24.76,7.0,3.0
100146,2026-02-05 03:56:00,DRV_00020,VEH_00044,RTE_00002,SUP_00726,794.07,34.98,9.4,2.0
100147,2026-02-04 17:35:00,DRV_00029,VEH_00042,RTE_00019,SUP_00015,14043.96,38.28,6.7,1.0
100148,2026-02-07 16:28:00,DRV_00045,VEH_00006,RTE_00013,SUP_00015,18646.26,-4.55,6.3,2.0
100149,2026-03-03 01:39:00,DRV_00046,VEH_00039,RTE_00022,SUP_00726,12382.94,25.11,12.7,1.0
100150,2026-01-13 14:21:00,DRV_00010,VEH_00052,RTE_00001,SUP_00009,2592.37,62.86,11.7,2.0
100151,2026-02-25 19:16:00,DRV_00043,VEH_00023,RTE_00002,SUP_00004,24325.3,1.0,14.7,1.0
100152,2026-02-19 22:30:00,DRV_00034,VEH_00050,RTE_00029,SUP_00018,13191.26,49.42,3.0,1.0
100153,2026-02-08 22:04:00,DRV_00026,VEH_00043,RTE_00016,SUP_00018,15547.56,65.84,10.2,1.0
100154,2026-02-16 16:14:00,DRV_00041,VEH_00019,RTE_00015,SUP_00005,6296.94,15.84,9.7,2.0
100155,2026-01-24 11:47:00,DRV_00049,VEH_00069,RTE_00013,SUP_00726,12345.7,28.18,5.4,3.0
100156,2026-02-08 18:20:00,DRV_00003,VEH_00051,RTE_00016,SUP_00484,11014.16,38.81,7.7,2.0
100157,2026-02-13 11:43:00,DRV_00006,VEH_00011,RTE_00017,SUP_00011,2334.95,62.89,4.3,2.0
100158,2026-02-26 18:14:00,DRV_00005,VEH_00012,RTE_00021,SUP_00005,3100.93,67.53,0.8,1.0
100159,2026-02-22 09:30:00,DRV_00005,VEH_00074,RTE_00052,SUP_00358,21018.08,51.95,2.3,1.0
100160,2026-03-06 21:06:00,DRV_00047,VEH_00008,RTE_00029,SUP_00004,6375.59,1.67,0.1,3.0
100161,2026-01-16 11:39:00,DRV_00023,VEH_00024,RTE_00029,SUP_00012,5276.48,46.52,11.7,3.0
100162,2026-01-31 06:25:00,DRV_00049,VEH_00041,RTE_00007,SUP_00002,12870.33,26.59,11.2,1.0
100163,2026-02-14 11:24:00,DRV_00009,VEH_00036,RTE_00052,SUP_00013,19334.3,31.24,17.0,3.0
100164,2026-01-30 13:17:00,DRV_00035,VEH_00072,RTE_00024,SUP_00010,2017.69,-1.22,18.6,3.0
100165,2026-02-04 02:00:00,DRV_00020,VEH_00055,RTE_00026,SUP_00009,14631.79,9.71,-1.0,1.0
100166,2026-01-02 20:53:00,DRV_00049,VEH_00009,RTE_00017,SUP_00010,3420.66,55.87,15.7,2.0
100167,2026-03-07 23:23:00,DRV_00042,VEH_00047,RTE_00007,SUP_00007,1393.3,29.95,15.3,3.0
100168,2026-03-08 03:39:00,DRV_00035,VEH_00015,RTE_00013,SUP_00004,1792.23,18.23,6.9,1.0
100169,2026-02-18 00:43:00,DRV_00018,VEH_00048,RTE_00005,SUP_00019,20937.02,24.57,9.7,3.0
100170,2026-01-19 00:19:00,DRV_00017,VEH_00042,RTE_00026,SUP_00010,3390.33,60.79,17.5,3.0
100171,2026-02-03 23:25:00,DRV_00024,VEH_00060,RTE_00017,SUP_00003,1606.21,52.67,18.6,1.0
100172,2026-01-30 19:41:00,DRV_00003,VEH_00070,RTE_00003,SUP_00548,11228.55,28.59,16.1,3.0
100173,2026-01-16 03:54:00,DRV_00032,VEH_00012,RTE_00007,SUP_00019,21177.84,4.05,-0.3,3.0
100174,2026-01-13 12:47:00,DRV_00035,VEH_00002,RTE_00026,SUP_00548,6929.01,34.44,18.6,3.0
100175,2026-01-19 03:05:00,DRV_00038,VEH_00007,RTE_00017,SUP_00002,10831.96,65.9,6.8,2.0
100176,2026-02-22 14:46:00,DRV_00013,VEH_00003,RTE_00007,SUP_00726,1478.1,42.98,9.7,2.0
100177,2026-01-11 21:47:00,DRV_00047,VEH_00003,RTE_00021,SUP_00010,11502.42,36.08,14.3,3.0
100178,2026-01-16 06:16:00,DRV_00025,VEH_00027,RTE_00001,SUP_00002,14651.52,40.92,17.8,1.0
100179,2026-01-31 17:42:00,DRV_00009,VEH_00040,RTE_00017,SUP_00002,14487.22,23.18,5.8,3.0
100180,2026-01-17 12:16:00,DRV_00004,VEH_00033,RTE_01007,SUP_00101,8644.45,57.15,-1.1,3.0
100181,2026-01-21 21:20:00,DRV_00014,VEH_00001,RTE_00017,SUP_00017,8230.56,35.29,18.6,2.0
100182,2026-02-16 10:02:00,DRV_00037,VEH_00008,RTE_00011,SUP_00016,3112.28,3.99,18.6,2.0
100183,2026-02-12 14:53:00,DRV_00034,VEH_00032,RTE_00025,SUP_00016,9486.56,4.94,2.0,2.0
100184,2026-01-05 16:56:00,DRV_00011,VEH_00048,RTE_00027,SUP_00014,2937.62,36.34,7.9,3.0
100185,2026-03-06 10:27:00,DRV_00041,VEH_00004,RTE_00029,SUP_00007,19281.6,67.12,12.8,3.0
100186,2026-02-08 04:56:00,DRV_00003,VEH_00070,RTE_00003,SUP_00548,24173.72,38.76,13.4,1.0
100187,2026-01-07 13:54:00,DRV_00028,VEH_00019,RTE_00015,SUP_00011,24266.82,61.95,8.0,3.0
100188,2026-02-10 07:33:00,DRV_00029,VEH_00032,RTE_00029,SUP_00101,21694.24,53.84,4.1,3.0
100189,2026-01-16 05:59:00,DRV_00009,VEH_00009,RTE_00021,SUP_00001,15219.41,14.08,17.5,2.0
100190,2026-01-04 20:10:00,DRV_00003,VEH_00012,RTE_00011,SUP_00011,17671.21,-2.2,11.3,2.0
100191,2026-03-07 20:56:00,DRV_00025,VEH_00011,RTE_00052,SUP_00484,7487.54,2.84,6.2,2.0
100192,2026-01-03 14:28:00,DRV_00034,VEH_00046,RTE_00026,SUP_00548,15953.88,27.29,3.6,2.0
100193,2026-03-09 17:04:00,DRV_00012,VEH_00016,RTE_00028,SUP_00004,11663.41,10.37,-1.5,2.0
100194,2026-03-10 02:58:00,DRV_00042,VEH_00001,RTE_00016,SUP_00007,12309.42,23.59,2.8,1.0
100195,2026-01-10 09:45:00,DRV_00009,VEH_00063,RTE_00025,SUP_00015,19065.53,33.63,1.4,1.0
100196,2026-02-15 23:19:00,DRV_00015,VEH_00021,RTE_00022,SUP_00018,7407.0,50.86,18.6,1.0
100197,2026-01-25 03:26:00,DRV_00040,VEH_00030,RTE_00028,SUP_00012,8291.97,3.72,3.8,2.0
100198,2026-02-21 01:30:00,DRV_00025,VEH_00013,RTE_00009,SUP_00017,23153.72,26.29,10.6,2.0
100199,2026-03-06 23:17:00,DRV_00005,VEH_00034,RTE_00024,SUP_00001,1877.5,32.35,0.4,2.0
100200,2026-02-12 10:07:00,DRV_00011,VEH_00004,RTE_00024,SUP_00011,12398.04,36.64,11.1,1.0
100201,2026-03-08 13:19:00,DRV_00034,VEH_00028,RTE_00001,SUP_00001,22863.62,58.01,3.7,2.0
100202,2026-02-17 19:20:00,DRV_00024,VEH_00059,RTE_00029,SUP_00015,15453.89,8.22,-2.0,1.0
100203,2026-02-07 18:24:00,DRV_00015,VEH_00027,RTE_00025,SUP_00548,13886.97,55.88,0.5,2.0
100204,2026-02-05 10:05:00,DRV_00038,VEH_00069,RTE_00022,SUP_00010,6618.73,48.35,16.7,3.0
100205,2026-02-02 08:16:00,DRV_00008,VEH_00025,RTE_00016,SUP_00007,8910.25,37.8,15.3,1.0
100206,2026-01-28 07:53:00,DRV_00005,VEH_00003,RTE_00009,SUP_00002,21375.19,48.86,2.7,3.0
100207,2026-02-13 01:23:00,DRV_00048,VEH_00068,RTE_00019,SUP_00010,14200.84,26.73,13.6,1.0
100208,2026-02-27 18:51:00,DRV_00026,VEH_00025,RTE_00012,SUP_00101,13111.18,5.66,10.2,2.0
100209,2026-02-06 14:53:00,DRV_00018,VEH_00020,RTE_00019,SUP_00004,2939.7,46.26,17.4,2.0
100210,2026-02-15 08:38:00,DRV_00006,VEH_00034,RTE_00022,SUP_00012,892.69,35.4,5.5,3.0
100211,2026-03-04 03:14:00,DRV_00037,VEH_00026,RTE_00009,SUP_00019,24110.29,44.23,11.6,2.0
100212,2026-01-17 10:24:00,DRV_00048,VEH_00005,RTE_00007,SUP_00011,9736.16,21.03,-0.7,1.0
100213,2026-02-16 15:32:00,DRV_00013,VEH_00061,RTE_00014,SUP_00008,15278.72,64.83,5.9,2.0
100214,2026-03-01 10:56:00,DRV_00028,VEH_00009,RTE_00029,SUP_00018,2453.02,40.23,19.4,2.0
100215,2026-03-06 18:24:00,DRV_00005,VEH_00050,RTE_00019,SUP_00011,17236.3,1.58,8.8,1.0
100216,2026-01-19 13:36:00,DRV_00013,VEH_00006,RTE_00019,SUP_00011,23347.88,29.63,3.8,3.0
100217,2026-03-07 10:09:00,DRV_00017,VEH_00060,RTE_00002,SUP_00013,14603.8,53.24,0.4,3.0
100218,2026-01-01 14:14:00,DRV_00040,VEH_00044,RTE_00009,SUP_00003,3589.83,56.15,12.1,2.0
100219,2026-03-04 13:24:00,DRV_00045,VEH_00011,RTE_00013,SUP_00012,14752.18,33.08,10.9,1.0
100220,2026-01-27 19:43:00,DRV_00032,VEH_00066,RTE_00015,SUP_00003,19275.51,63.9,5.5,3.0
100221,2026-01-06 03:12:00,DRV_00029,VEH_00047,RTE_00003,SUP_00010,10457.21,15.61,17.0,3.0
100222,2026-02-08 16:00:00,DRV_00003,VEH_00073,RTE_00011,SUP_00017,22056.02,26.62,18.6,2.0
100223,2026-02-02 10:37:00,DRV_00040,VEH_00003,RTE_00021,SUP_00358,16392.73,64.19,4.1,1.0
100224,2026-03-02 11:32:00,DRV_00034,VEH_00076,RTE_00014,SUP_00002,22531.6,64.01,16.4,3.0
100225,2026-02-05 07:39:00,DRV_00040,VEH_00030,RTE_01007,SUP_00017,15775.88,47.8,4.4,2.0
100226,2026-01-19 06:29:00,DRV_00027,VEH_00021,RTE_00025,SUP_00016,3716.56,61.14,3.0,2.0
100227,2026-03-02 17:35:00,DRV_00013,VEH_00028,RTE_00008,SUP_00002,8087.45,1.84,8.7,2.0
100228,2026-02-14 06:14:00,DRV_00045,VEH_00062,RTE_00018,SUP_00358,5443.98,61.6,14.5,2.0
100229,2026-02-18 22:27:00,DRV_00033,VEH_00033,RTE_00019,SUP_00726,22766.25,16.71,0.1,3.0
100230,2026-02-06 13:42:00,DRV_00006,VEH_00035,RTE_00052,SUP_00006,19129.8,8.73,16.9,1.0
100231,2026-03-10 09:46:00,DRV_00024,VEH_00052,RTE_00016,SUP_00010,17071.76,13.43,13.9,2.0
100232,2026-01-09 19:28:00,DRV_00019,VEH_00034,RTE_00002,SUP_00010,7873.67,27.18,1.6,2.0
100233,2026-01-18 14:22:00,DRV_00016,VEH_00041,RTE_00052,SUP_00008,5009.1,14.34,12.2,3.0
100234,2026-01-26 19:17:00,DRV_00040,VEH_00051,RTE_00008,SUP_00001,19033.05,19.68,5.7,2.0
100235,2026-02-17 03:03:00,DRV_00028,VEH_00047,RTE_00022,SUP_00013,12116.87,5.39,6.0,2.0
100236,2026-02-06 04:03:00,DRV_00033,VEH_00058,RTE_00006,SUP_00101,6031.84,17.81,13.7,1.0
100237,2026-02-15 15:33:00,DRV_00048,VEH_00075,RTE_00012,SUP_00009,15607.24,39.07,18.6,2.0
100238,2026-03-03 20:05:00,DRV_00041,VEH_00057,RTE_00015,SUP_00358,1488.18,29.02,18.6,3.0
100239,2026-01-25 02:18:00,DRV_00013,VEH_00023,RTE_00025,SUP_00010,8491.17,21.7,6.4,1.0
100240,2026-02-25 23:43:00,DRV_00043,VEH_00048,RTE_00008,SUP_00015,11979.65,52.48,7.6,3.0
100241,2026-01-16 17:51:00,DRV_00045,VEH_00022,RTE_00004,SUP_00005,4124.98,63.8,5.5,1.0
100242,2026-01-18 11:44:00,DRV_00025,VEH_00017,RTE_00015,SUP_00358,24624.03,53.27,5.3,1.0
100243,2026-03-06 20:24:00,DRV_00042,VEH_00069,RTE_00028,SUP_00016,5622.89,20.56,-1.0,2.0
100244,2026-01-30 05:47:00,DRV_00036,VEH_00011,RTE_00020,SUP_00013,3693.65,52.32,11.7,2.0
100245,2026-03-01 20:42:00,DRV_00027,VEH_00015,RTE_00025,SUP_00358,5486.6,6.7,6.7,2.0
100246,2026-02-05 21:03:00,DRV_00038,VEH_00035,RTE_00017,SUP_00726,19342.0,23.73,1.9,3.0
100247,2026-01-11 21:48:00,DRV_00007,VEH_00033,RTE_00013,SUP_00018,10924.89,21.61,14.3,2.0
100248,2026-03-05 19:46:00,DRV_00005,VEH_00016,RTE_00018,SUP_00011,14352.69,57.19,14.1,2.0
100249,2026-02-04 14:11:00,DRV_00043,VEH_00034,RTE_00002,SUP_00009,1014.72,13.97,7.7,1.0
100250,2026-01-02 22:51:00,DRV_00045,VEH_00066,RTE_00013,SUP_00016,1343.57,-0.13,4.0,2.0
100251,2026-02-09 01:30:00,DRV_00031,VEH_00040,RTE_00013,SUP_00002,11422.73,5.14,10.8,2.0
100252,2026-02-20 01:22:00,DRV_00023,VEH_00028,RTE_00022,SUP_00002,20508.05,61.12,3.8,2.0
100253,2026-01-25 03:14:00,DRV_00042,VEH_00047,RTE_00015,SUP_00012,22188.35,43.8,2.7,2.0
100254,2026-03-08 11:42:00,DRV_00010,VEH_00039,RTE_00020,SUP_00008,2624.31,14.5,12.6,1.0
100255,2026-01-08 22:11:00,DRV_00032,VEH_00070,RTE_00052,SUP_00009,13689.9,37.76,-1.2,2.0
100256,2026-01-03 00:31:00,DRV_00043,VEH_00073,RTE_00029,SUP_00012,22874.13,35.62,-0.1,1.0
100257,2026-02-16 17:10:00,DRV_00030,VEH_00020,RTE_00027,SUP_00009,10005.33,45.47,18.6,3.0
100258,2026-02-28 04:03:00,DRV_00039,VEH_00001,RTE_00010,SUP_00010,20824.36,12.96,1.1,2.0
100259,2026-01-07 00:40:00,DRV_00031,VEH_00072,RTE_00029,SUP_00002,3775.54,61.56,-0.6,2.0
100260,2026-02-28 22:56:00,DRV_00018,VEH_00063,RTE_00003,SUP_00016,23417.16,18.82,17.9,2.0
100261,2026-02-28 05:59:00,DRV_00036,VEH_00067,RTE_00019,SUP_00726,18909.87,32.78,3.8,1.0
100262,2026-02-19 12:15:00,DRV_00002,VEH_00004,RTE_00003,SUP_00007,23562.69,-3.76,1.0,2.0
100263,2026-03-03 12:54:00,DRV_00014,VEH_00058,RTE_00022,SUP_00002,17077.12,23.69,18.6,2.0
100264,2026-01-08 17:11:00,DRV_00013,VEH_00025,RTE_00014,SUP_00001,9403.4,22.08,16.7,3.0
100265,2026-01-27 01:04:00,DRV_00029,VEH_00047,RTE_00052,SUP_00019,23485.44,36.85,8.4,1.0
100266,2026-01-02 06:02:00,DRV_00012,VEH_00038,RTE_00008,SUP_00004,7251.39,0.6,5.3,1.0
100267,2026-01-06 15:55:00,DRV_00039,VEH_00015,RTE_00027,SUP_00101,8638.23,55.84,15.5,3.0
100268,2026-02-21 03:36:00,DRV_00002,VEH_00063,RTE_00023,SUP_00358,17669.81,11.77,5.9,1.0
100269,2026-01-28 08:24:00,DRV_00032,VEH_00021,RTE_01007,SUP_00002,19250.25,47.13,18.6,2.0
100270,2026-02-02 19:34:00,DRV_00013,VEH_00057,RTE_00004,SUP_00014,23270.39,56.85,2.1,2.0
100271,2026-01-16 05:18:00,DRV_00046,VEH_00053,RTE_00027,SUP_00002,5517.66,38.26,5.6,3.0
100272,2026-03-01 17:01:00,DRV_00027,VEH_00046,RTE_00028,SUP_00015,20050.95,52.05,4.3,1.0
100273,2026-02-12 03:53:00,DRV_00049,VEH_00014,RTE_00020,SUP_00012,18594.38,45.96,11.5,1.0
100274,2026-01-22 01:06:00,DRV_00041,VEH_00076,RTE_00011,SUP_00005,2062.97,22.38,3.8,1.0
100275,2026-01-12 13:26:00,DRV_00017,VEH_00017,RTE_00026,SUP_00726,9986.97,36.35,9.5,3.0
100276,2026-02-02 12:43:00,DRV_00040,VEH_00039,RTE_00727,SUP_00007,7427.75,17.69,-0.7,2.0
100277,2026-03-09 02:01:00,DRV_00031,VEH_00009,RTE_00011,SUP_00101,7960.02,38.98,1.8,3.0
100278,2026-03-05 00:15:00,DRV_00034,VEH_00077,RTE_00052,SUP_00548,24582.2,35.9,6.1,2.0
100279,2026-01-12 08:51:00,DRV_00024,VEH_00079,RTE_00027,SUP_00010,16248.05,24.18,16.7,3.0
100280,2026-02-23 17:31:00,DRV_00045,VEH_00006,RTE_01007,SUP_00014,18083.07,18.31,18.6,2.0
100281,2026-01-02 10:09:00,DRV_00035,VEH_00023,RTE_00011,SUP_00014,24427.13,30.37,11.3,1.0
100282,2026-01-22 22:56:00,DRV_00048,VEH_00059,RTE_00002,SUP_00005,9741.44,57.98,3.1,1.0
100283,2026-01-15 12:52:00,DRV_00006,VEH_00046,RTE_01007,SUP_00018,20145.08,66.6,0.5,1.0
100284,2026-01-21 17:35:00,DRV_00019,VEH_00038,RTE_00052,SUP_00101,11146.01,36.97,18.6,3.0
100285,2026-02-12 15:54:00,DRV_00030,VEH_00014,RTE_00017,SUP_00014,21803.57,45.93,4.1,3.0
100286,2026-02-20 11:34:00,DRV_00007,VEH_00072,RTE_00009,SUP_00002,4926.11,64.55,1.2,3.0
100287,2026-01-30 20:56:00,DRV_00010,VEH_00062,RTE_00028,SUP_00012,23718.31,2.59,1.5,1.0
100288,2026-01-06 03:20:00,DRV_00041,VEH_00035,RTE_00727,SUP_00358,5859.91,12.87,13.2,2.0
100289,2026-01-30 14:42:00,DRV_00032,VEH_00019,RTE_00028,SUP_00101,8492.4,49.59,-1.7,1.0
100290,2026-01-11 12:31:00,DRV_00034,VEH_00030,RTE_00002,SUP_00006,19026.71,58.43,9.2,1.0
100291,2026-02-05 16:47:00,DRV_00028,VEH_00078,RTE_00029,SUP_00004,10147.0,60.99,19.4,2.0
100292,2026-02-16 07:30:00,DRV_00015,VEH_00025,RTE_00024,SUP_00013,15401.18,26.96,18.6,2.0
100293,2026-01-04 02:59:00,DRV_00030,VEH_00040,RTE_00015,SUP_00004,11392.05,1.88,9.3,2.0
100294,2026-01-05 08:55:00,DRV_00037,VEH_00014,RTE_00016,SUP_00358,18688.06,28.71,4.3,2.0
100295,2026-02-11 00:00:00,DRV_00029,VEH_00026,RTE_00025,SUP_00014,6094.12,12.77,19.4,1.0
100296,2026-01-09 11:03:00,DRV_00022,VEH_00022,RTE_00004,SUP_00016,1932.22,17.42,12.7,3.0
100297,2026-01-21 08:19:00,DRV_00004,VEH_00048,RTE_00008,SUP_00004,7848.27,54.46,15.4,1.0
100298,2026-01-09 22:34:00,DRV_00020,VEH_00051,RTE_00009,SUP_00101,12120.56,0.82,1.9,2.0
100299,2026-01-23 17:11:00,DRV_00032,VEH_00003,RTE_00026,SUP_00001,4616.49,58.72,-0.0,3.0
100300,2026-01-04 20:19:00,DRV_00036,VEH_00042,RTE_00026,SUP_00013,9192.53,27.93,16.0,3.0
100301,2026-02-07 01:11:00,DRV_00004,VEH_00019,RTE_00005,SUP_00004,10299.58,40.9,5.0,1.0
100302,2026-02-12 13:07:00,DRV_00027,VEH_00073,RTE_00016,SUP_00726,1906.1,39.49,9.0,1.0
100303,2026-02-03 13:54:00,DRV_00017,VEH_00028,RTE_00013,SUP_00018,14791.03,20.98,18.6,1.0
100304,2026-01-02 18:37:00,DRV_00012,VEH_00045,RTE_01007,SUP_00006,22166.41,1.91,0.5,3.0
100305,2026-01-27 15:20:00,DRV_00022,VEH_00071,RTE_00007,SUP_00003,4217.7,69.04,9.8,3.0
100306,2026-02-26 22:58:00,DRV_00017,VEH_00078,RTE_00052,SUP_00484,15146.3,57.16,8.5,3.0
100307,2026-01-02 12:40:00,DRV_00010,VEH_00063,RTE_00026,SUP_00013,16786.11,30.39,2.1,2.0
100308,2026-02-17 13:37:00,DRV_00001,VEH_00073,RTE_00020,SUP_00016,10773.7,12.22,7.0,2.0
100309,2026-02-02 14:55:00,DRV_00022,VEH_00019,RTE_00017,SUP_00005,17676.89,66.88,13.9,1.0
100310,2026-01-15 19:57:00,DRV_00026,VEH_00047,RTE_00003,SUP_00004,10562.92,21.53,9.8,3.0
100311,2026-02-23 19:45:00,DRV_00018,VEH_00014,RTE_00005,SUP_00548,12863.61,34.09,-0.1,1.0
100312,2026-01-02 23:49:00,DRV_00014,VEH_00038,RTE_00019,SUP_00008,680.15,38.36,9.0,3.0
100313,2026-02-12 10:55:00,DRV_00047,VEH_00053,RTE_00052,SUP_00019,17447.14,67.67,12.1,1.0
100314,2026-02-04 19:08:00,DRV_00029,VEH_00061,RTE_00012,SUP_00014,16702.9,-4.71,13.9,2.0
100315,2026-03-07 09:39:00,DRV_00012,VEH_00036,RTE_00029,SUP_00007,1440.82,13.34,10.6,3.0
100316,2026-03-04 16:32:00,DRV_00036,VEH_00040,RTE_00027,SUP_00014,9522.13,67.26,1.1,2.0
100317,2026-01-27 17:07:00,DRV_00035,VEH_00030,RTE_00007,SUP_00006,24486.28,8.17,12.2,3.0
100318,2026-01-17 04:48:00,DRV_00012,VEH_00009,RTE_00028,SUP_00012,10808.05,3.72,11.5,1.0
100319,2026-03-05 11:32:00,DRV_00007,VEH_00064,RTE_00009,SUP_00016,12797.66,38.9,-1.5,3.0
100320,2026-03-02 07:11:00,DRV_00029,VEH_00033,RTE_00727,SUP_00017,22793.29,61.36,6.2,2.0
100321,2026-01-03 18:27:00,DRV_00011,VEH_00052,RTE_00028,SUP_00013,18072.92,31.74,4.7,3.0
100322,2026-02-10 21:11:00,DRV_00033,VEH_00014,RTE_00006,SUP_00484,14760.72,71.58,11.4,1.0
100323,2026-01-16 13:19:00,DRV_00006,VEH_00075,RTE_00029,SUP_00014,20046.21,47.3,19.4,3.0
100324,2026-02-02 02:14:00,DRV_00047,VEH_00053,RTE_00026,SUP_00007,21676.97,0.7,9.8,2.0
100325,2026-03-11 02:42:00,DRV_00015,VEH_00059,RTE_00017,SUP_00014,11693.76,71.45,16.3,1.0
100326,2026-03-02 00:16:00,DRV_00032,VEH_00078,RTE_00016,SUP_00015,12140.15,26.41,14.0,2.0
100327,2026-02-18 19:11:00,DRV_00011,VEH_00041,RTE_00023,SUP_00012,9958.25,17.13,16.4,3.0
100328,2026-01-31 14:24:00,DRV_00023,VEH_00068,RTE_00727,SUP_00017,24184.3,37.96,18.6,2.0
100329,2026-02-18 16:11:00,DRV_00026,VEH_00068,RTE_00003,SUP_00009,17580.57,18.43,-1.8,3.0
100330,2026-01-29 08:18:00,DRV_00034,VEH_00008,RTE_00021,SUP_00358,2538.97,1.66,10.5,1.0
100331,2026-02-01 14:45:00,DRV_00046,VEH_00002,RTE_00052,SUP_00015,21642.51,-4.89,6.3,2.0
100332,2026-01-14 18:30:00,DRV_00034,VEH_00041,RTE_00026,SUP_00012,12273.72,29.62,-1.5,2.0
100333,2026-01-13 02:29:00,DRV_00029,VEH_00055,RTE_00004,SUP_00002,2184.47,59.44,3.0,3.0
100334,2026-01-05 18:53:00,DRV_00004,VEH_00016,RTE_00010,SUP_00005,13968.07,39.07,19.4,2.0
100335,2026-02-25 11:49:00,DRV_00017,VEH_00062,RTE_00005,SUP_00013,10720.52,71.94,10.3,2.0
100336,2026-02-02 20:53:00,DRV_00035,VEH_00048,RTE_00021,SUP_00726,22004.86,23.46,13.9,1.0
100337,2026-01-03 09:16:00,DRV_00013,VEH_00030,RTE_00022,SUP_00484,5497.87,16.6,-0.3,3.0
100338,2026-02-21 14:10:00,DRV_00041,VEH_00012,RTE_01007,SUP_00008,20748.38,7.3,1.7,3.0
100339,2026-02-22 22:13:00,DRV_00039,VEH_00035,RTE_00010,SUP_00014,14163.37,7.63,13.2,1.0
100340,2026-01-05 02:15:00,DRV_00015,VEH_00011,RTE_00012,SUP_00015,1837.95,16.96,-1.6,1.0
100341,2026-01-14 16:58:00,DRV_00029,VEH_00064,RTE_00010,SUP_00011,24310.21,56.05,14.3,3.0
100342,2026-01-22 08:26:00,DRV_00029,VEH_00050,RTE_00029,SUP_00001,13059.07,64.74,-1.7,1.0
100343,2026-02-04 06:57:00,DRV_00011,VEH_00021,RTE_00013,SUP_00548,7626.48,53.24,11.1,1.0
100344,2026-02-03 14:44:00,DRV_00032,VEH_00069,RTE_00011,SUP_00003,12000.47,12.89,5.3,1.0
100345,2026-02-07 12:45:00,DRV_00002,VEH_00048,RTE_00022,SUP_00017,21517.52,62.86,10.2,3.0
100346,2026-03-09 23:28:00,DRV_00047,VEH_00020,RTE_00016,SUP_00019,7970.13,20.28,11.9,1.0
100347,2026-01-28 15:10:00,DRV_00014,VEH_00067,RTE_00008,SUP_00014,5220.57,3.69,4.8,2.0
100348,2026-01-04 21:20:00,DRV_00020,VEH_00044,RTE_00008,SUP_00358,3662.25,61.99,0.2,2.0
100349,2026-03-07 17:40:00,DRV_00022,VEH_00033,RTE_00027,SUP_00484,7797.56,43.98,-0.6,3.0
100350,2026-03-06 16:59:00,DRV_00011,VEH_00073,RTE_00025,SUP_00008,19611.18,7.68,9.8,1.0
100351,2026-01-29 07:24:00,DRV_00027,VEH_00061,RTE_00008,SUP_00013,12054.85,28.1,8.4,2.0
100352,2026-02-21 18:23:00,DRV_00003,VEH_00009,RTE_00013,SUP_00726,6073.3,17.25,-1.5,3.0
100353,2026-02-01 17:54:00,DRV_00017,VEH_00068,RTE_00027,SUP_00003,4571.53,51.73,8.2,2.0
100354,2026-02-09 11:15:00,DRV_00044,VEH_00035,RTE_00002,SUP_00005,8651.87,29.91,6.4,1.0
100355,2026-02-21 05:04:00,DRV_00028,VEH_00065,RTE_01007,SUP_00009,23528.15,71.17,19.4,3.0
100356,2026-02-09 05:31:00,DRV_00029,VEH_00008,RTE_01007,SUP_00006,8904.15,-0.78,-1.5,2.0
100357,2026-01-13 21:49:00,DRV_00021,VEH_00045,RTE_00012,SUP_00358,24709.04,22.34,4.7,3.0
100358,2026-01-31 04:44:00,DRV_00047,VEH_00047,RTE_00010,SUP_00002,12388.15,32.11,17.5,2.0
100359,2026-02-27 15:09:00,DRV_00016,VEH_00040,RTE_00012,SUP_00013,4889.52,33.74,15.5,2.0
100360,2026-01-26 03:32:00,DRV_00037,VEH_00076,RTE_00011,SUP_00005,22332.93,19.33,4.6,1.0
100361,2026-01-31 05:25:00,DRV_00020,VEH_00054,RTE_00015,SUP_00008,11778.71,51.15,9.8,1.0
100362,2026-02-02 18:42:00,DRV_00006,VEH_00076,RTE_00016,SUP_00484,17886.95,62.36,18.6,2.0
100363,2026-01-23 15:55:00,DRV_00019,VEH_00046,RTE_00017,SUP_00001,24600.93,67.28,18.6,3.0
100364,2026-02-13 21:28:00,DRV_00005,VEH_00047,RTE_00026,SUP_00726,1729.3,46.37,18.6,3.0
100365,2026-01-24 11:48:00,DRV_00003,VEH_00015,RTE_00002,SUP_00012,2869.02,60.49,-0.5,1.0
100366,2026-01-13 23:51:00,DRV_00001,VEH_00019,RTE_00018,SUP_00484,18151.19,37.39,8.2,2.0
100367,2026-01-03 09:00:00,DRV_00038,VEH_00026,RTE_00012,SUP_00011,7404.71,58.59,17.4,1.0
100368,2026-03-09 04:32:00,DRV_00015,VEH_00052,RTE_00019,SUP_00007,5015.38,18.37,11.9,2.0
100369,2026-01-01 05:01:00,DRV_00034,VEH_00022,RTE_00026,SUP_00015,1464.37,25.68,-0.6,2.0
100370,2026-02-01 09:56:00,DRV_00035,VEH_00021,RTE_00023,SUP_00358,1035.24,19.4,1.8,1.0
100371,2026-02-15 23:55:00,DRV_00049,VEH_00051,RTE_00018,SUP_00101,19474.9,30.99,13.4,3.0
100372,2026-02-07 16:00:00,DRV_00025,VEH_00038,RTE_01007,SUP_00011,3793.62,16.99,14.8,1.0
100373,2026-02-15 15:26:00,DRV_00024,VEH_00020,RTE_00052,SUP_00358,11959.16,69.04,10.4,2.0
100374,2026-01-08 06:52:00,DRV_00012,VEH_00029,RTE_00017,SUP_00016,15344.47,19.09,10.9,1.0
100375,2026-01-05 05:42:00,DRV_00018,VEH_00051,RTE_00052,SUP_00003,10994.62,2.55,-1.4,3.0
100376,2026-02-04 22:56:00,DRV_00015,VEH_00004,RTE_01007,SUP_00726,1164.11,14.75,14.6,3.0
100377,2026-03-01 05:54:00,DRV_00044,VEH_00055,RTE_00006,SUP_00014,19695.79,-0.6,13.8,2.0
100378,2026-01-19 12:01:00,DRV_00016,VEH_00071,RTE_00025,SUP_00003,757.57,3.51,3.2,1.0
100379,2026-01-25 00:24:00,DRV_00027,VEH_00028,RTE_00015,SUP_00001,19166.3,11.89,18.6,3.0
100380,2026-01-23 17:45:00,DRV_00008,VEH_00004,RTE_00003,SUP_00548,22385.96,29.04,2.3,1.0
100381,2026-01-17 00:53:00,DRV_00046,VEH_00022,RTE_00006,SUP_00015,11104.58,28.36,-1.2,3.0
100382,2026-02-15 21:45:00,DRV_00025,VEH_00076,RTE_00003,SUP_00001,13620.79,56.58,2.0,2.0
100383,2026-02-06 00:45:00,DRV_00017,VEH_00045,RTE_01007,SUP_00017,12186.09,51.94,1.6,2.0
100384,2026-01-26 10:31:00,DRV_00029,VEH_00067,RTE_00029,SUP_00002,10035.61,27.83,4.8,1.0
100385,2026-02-20 16:31:00,DRV_00008,VEH_00066,RTE_00001,SUP_00726,22241.9,15.45,6.4,2.0
100386,2026-01-03 18:54:00,DRV_00015,VEH_00034,RTE_01007,SUP_00006,22401.37,19.37,8.2,3.0
100387,2026-01-08 16:53:00,DRV_00027,VEH_00055,RTE_00013,SUP_00008,8727.5,54.6,7.5,2.0
100388,2026-01-13 13:10:00,DRV_00046,VEH_00001,RTE_00052,SUP_00016,15569.21,-0.99,3.4,3.0
100389,2026-01-25 20:17:00,DRV_00007,VEH_00072,RTE_00028,SUP_00019,23209.24,-4.01,-1.4,3.0
100390,2026-02-09 13:18:00,DRV_00003,VEH_00038,RTE_00021,SUP_00001,24070.43,56.26,10.1,2.0
100391,2026-02-26 23:54:00,DRV_00029,VEH_00006,RTE_00026,SUP_00003,12969.5,31.74,5.9,3.0
100392,2026-01-08 10:49:00,DRV_00044,VEH_00025,RTE_00014,SUP_00003,11594.21,5.08,4.0,3.0
100393,2026-03-11 05:53:00,DRV_00024,VEH_00017,RTE_00013,SUP_00005,7328.01,13.14,15.3,1.0
100394,2026-02-01 06:17:00,DRV_00003,VEH_00061,RTE_00027,SUP_00012,23992.36,66.8,18.6,1.0
100395,2026-02-16 01:20:00,DRV_00020,VEH_00012,RTE_00004,SUP_00012,3998.95,61.18,15.2,1.0
100396,2026-01-20 06:31:00,DRV_00046,VEH_00006,RTE_00007,SUP_00726,14705.82,29.82,7.9,2.0
100397,2026-02-24 05:09:00,DRV_00015,VEH_00027,RTE_00022,SUP_00013,7422.48,32.13,0.6,1.0
100398,2026-02-08 00:28:00,DRV_00025,VEH_00008,RTE_00010,SUP_00726,7335.7,41.49,11.9,3.0
100399,2026-01-05 00:41:00,DRV_00030,VEH_00065,RTE_00007,SUP_00009,10421.73,70.09,2.1,2.0
100400,2026-01-14 07:50:00,DRV_00014,VEH_00057,RTE_00021,SUP_00007,24970.43,69.36,6.8,2.0
100401,2026-02-04 12:09:00,DRV_00007,VEH_00040,RTE_00015,SUP_00004,1846.67,11.58,18.6,2.0
100402,2026-02-05 09:53:00,DRV_00017,VEH_00014,RTE_00015,SUP_00019,14674.27,57.46,14.5,2.0
100403,2026-01-21 13:12:00,DRV_00044,VEH_00035,RTE_00004,SUP_00358,2523.02,10.19,0.5,3.0
100404,2026-01-08 09:27:00,DRV_00020,VEH_00048,RTE_00052,SUP_00019,4285.76,11.44,16.1,3.0
100405,2026-01-07 01:16:00,DRV_00036,VEH_00056,RTE_00023,SUP_00006,11269.29,47.06,15.3,1.0
100406,2026-03-03 17:31:00,DRV_00009,VEH_00049,RTE_00023,SUP_00013,13006.27,26.19,7.3,2.0
100407,2026-03-02 19:05:00,DRV_00038,VEH_00013,RTE_00006,SUP_00011,6840.41,66.73,12.9,1.0
100408,2026-03-04 10:32:00,DRV_00048,VEH_00061,RTE_00024,SUP_00013,8253.2,1.85,10.4,3.0
100409,2026-02-18 19:56:00,DRV_00022,VEH_00049,RTE_00020,SUP_00013,2630.69,34.39,14.1,2.0
100410,2026-01-02 15:28:00,DRV_00002,VEH_00046,RTE_00026,SUP_00358,7928.88,65.73,18.6,3.0
100411,2026-02-23 20:55:00,DRV_00024,VEH_00062,RTE_00005,SUP_00726,24180.68,39.88,13.7,1.0
100412,2026-01-05 14:55:00,DRV_00008,VEH_00008,RTE_00020,SUP_00015,23645.33,7.05,7.2,3.0
100413,2026-02-18 15:11:00,DRV_00011,VEH_00043,RTE_00012,SUP_00548,8704.52,51.79,16.8,2.0
100414,2026-02-23 01:49:00,DRV_00013,VEH_00020,RTE_00001,SUP_00013,14485.92,42.67,18.6,2.0
100415,2026-03-05 06:03:00,DRV_00017,VEH_00039,RTE_00028,SUP_00358,22785.09,7.27,7.3,1.0
100416,2026-03-03 01:22:00,DRV_00008,VEH_00049,RTE_00008,SUP_00011,651.5,69.54,13.7,2.0
100417,2026-02-08 17:26:00,DRV_00021,VEH_00064,RTE_00001,SUP_00019,20361.75,65.44,18.6,3.0
100418,2026-01-10 07:23:00,DRV_00018,VEH_00062,RTE_00005,SUP_00008,23735.05,7.86,9.1,3.0
100419,2026-01-23 06:57:00,DRV_00030,VEH_00054,RTE_00727,SUP_00726,2737.48,45.76,1.6,3.0
100420,2026-02-24 14:57:00,DRV_00018,VEH_00009,RTE_00022,SUP_00008,4455.47,1.58,7.4,3.0
100421,2026-01-08 14:46:00,DRV_00046,VEH_00037,RTE_00006,SUP_00010,24038.28,65.03,17.4,1.0
100422,2026-03-10 20:37:00,DRV_00047,VEH_00049,RTE_00029,SUP_00016,13669.73,9.91,13.1,3.0
100423,2026-03-07 04:08:00,DRV_00031,VEH_00041,RTE_00021,SUP_00019,847.82,27.05,14.2,1.0
100424,2026-02-06 18:01:00,DRV_00038,VEH_00017,RTE_00052,SUP_00484,6811.98,29.56,-1.3,3.0
100425,2026-02-04 12:46:00,DRV_00032,VEH_00021,RTE_00003,SUP_00011,11523.62,41.12,7.4,1.0
100426,2026-02-04 22:20:00,DRV_00011,VEH_00051,RTE_00015,SUP_00013,17476.27,0.52,10.9,3.0
100427,2026-01-16 17:57:00,DRV_00045,VEH_00059,RTE_00005,SUP_00009,18462.43,12.46,18.6,3.0
100428,2026-02-08 14:49:00,DRV_00025,VEH_00039,RTE_00028,SUP_00726,24887.83,17.1,-1.0,1.0
100429,2026-03-09 05:45:00,DRV_00033,VEH_00055,RTE_00024,SUP_00101,7544.02,64.95,15.0,2.0
100430,2026-02-09 08:21:00,DRV_00038,VEH_00041,RTE_00014,SUP_00019,13686.39,55.16,9.0,2.0
100431,2026-01-22 13:04:00,DRV_00041,VEH_00039,RTE_00018,SUP_00016,13566.43,-3.51,1.9,2.0
100432,2026-02-18 19:53:00,DRV_00008,VEH_00013,RTE_00016,SUP_00007,10438.31,20.18,4.3,1.0
100433,2026-02-06 19:26:00,DRV_00011,VEH_00064,RTE_00006,SUP_00019,4644.47,43.35,-1.5,2.0
100434,2026-03-08 04:05:00,DRV_00022,VEH_00011,RTE_00025,SUP_00012,24447.69,16.19,8.6,2.0
100435,2026-01-11 15:38:00,DRV_00024,VEH_00019,RTE_00024,SUP_00015,21406.27,65.04,-1.0,1.0
100436,2026-02-17 05:47:00,DRV_00041,VEH_00011,RTE_00014,SUP_00484,12709.16,43.81,1.2,2.0
100437,2026-03-06 10:12:00,DRV_00017,VEH_00077,RTE_00027,SUP_00014,15279.51,0.54,14.3,2.0
100438,2026-02-25 15:35:00,DRV_00012,VEH_00046,RTE_00024,SUP_00011,6067.9,64.99,0.7,2.0
100439,2026-01-14 13:08:00,DRV_00046,VEH_00045,RTE_00008,SUP_00010,13822.78,68.75,2.7,1.0
100440,2026-01-03 02:51:00,DRV_00032,VEH_00001,RTE_00727,SUP_00011,17526.77,0.98,7.1,1.0
100441,2026-02-03 20:27:00,DRV_00015,VEH_00040,RTE_00029,SUP_00006,13121.59,35.99,8.3,2.0
100442,2026-03-02 12:22:00,DRV_00016,VEH_00019,RTE_00007,SUP_00002,24761.99,18.36,13.3,2.0
100443,2026-03-02 13:55:00,DRV_00022,VEH_00076,RTE_00008,SUP_00011,15477.87,25.25,6.9,1.0
100444,2026-02-07 12:21:00,DRV_00028,VEH_00072,RTE_00013,SUP_00019,9588.86,8.83,13.8,2.0
100445,2026-02-16 02:52:00,DRV_00020,VEH_00072,RTE_00006,SUP_00006,19417.72,39.51,-1.5,1.0
100446,2026-02-10 12:15:00,DRV_00033,VEH_00061,RTE_00018,SUP_00014,4676.33,68.76,0.3,2.0
100447,2026-02-09 00:19:00,DRV_00010,VEH_00012,RTE_00002,SUP_00726,9920.64,25.53,1.1,1.0
100448,2026-01-23 06:53:00,DRV_00040,VEH_00061,RTE_00008,SUP_00006,9000.49,1.38,6.7,3.0
100449,2026-02-18 09:18:00,DRV_00032,VEH_00033,RTE_00011,SUP_00017,11079.27,42.74,5.9,3.0
100450,2026-02-26 01:38:00,DRV_00033,VEH_00045,RTE_00001,SUP_00010,19653.61,21.2,12.9,1.0
100451,2026-01-28 14:14:00,DRV_00002,VEH_00069,RTE_00022,SUP_00001,12362.24,60.91,9.6,3.0
100452,2026-02-20 10:15:00,DRV_00033,VEH_00008,RTE_00029,SUP_00003,19953.35,28.47,5.8,2.0
100453,2026-02-21 01:23:00,DRV_00033,VEH_00025,RTE_00052,SUP_00008,14623.98,9.85,1.4,1.0
100454,2026-03-07 14:36:00,DRV_00041,VEH_00046,RTE_00006,SUP_00008,8880.7,9.72,2.5,1.0
100455,2026-01-12 19:39:00,DRV_00013,VEH_00030,RTE_00016,SUP_00726,20344.48,22.16,18.6,2.0
100456,2026-02-28 01:33:00,DRV_00030,VEH_00047,RTE_00027,SUP_00358,6338.1,15.45,6.5,2.0
100457,2026-03-05 17:54:00,DRV_00033,VEH_00049,RTE_00020,SUP_00015,5997.38,54.08,18.6,1.0
100458,2026-03-02 04:32:00,DRV_00013,VEH_00047,RTE_00012,SUP_00101,12860.32,10.85,1.4,2.0
100459,2026-02-21 06:47:00,DRV_00026,VEH_00018,RTE_00011,SUP_00007,6890.81,19.77,11.3,1.0
100460,2026-02-27 11:10:00,DRV_00022,VEH_00066,RTE_00029,SUP_00011,722.63,30.84,15.1,2.0
100461,2026-02-25 07:14:00,DRV_00039,VEH_00068,RTE_00727,SUP_00007,16383.29,67.63,18.6,1.0
100462,2026-01-20 14:51:00,DRV_00002,VEH_00033,RTE_00027,SUP_00004,13021.8,66.74,7.8,2.0
100463,2026-01-19 00:25:00,DRV_00038,VEH_00036,RTE_00052,SUP_00012,11415.19,10.93,17.5,2.0
100464,2026-03-05 02:12:00,DRV_00039,VEH_00019,RTE_00029,SUP_00006,24190.73,22.58,4.7,3.0
100465,2026-01-23 08:57:00,DRV_00026,VEH_00028,RTE_00010,SUP_00014,14494.38,6.5,9.9,3.0
100466,2026-01-06 18:28:00,DRV_00046,VEH_00040,RTE_00003,SUP_00012,21654.07,34.27,-0.2,3.0
100467,2026-01-05 03:09:00,DRV_00015,VEH_00076,RTE_00013,SUP_00011,3916.53,30.46,-1.5,2.0
100468,2026-02-06 02:30:00,DRV_00034,VEH_00015,RTE_00027,SUP_00019,14445.56,64.36,-0.2,1.0
100469,2026-01-01 19:10:00,DRV_00042,VEH_00041,RTE_00003,SUP_00548,21765.5,20.5,17.2,2.0
100470,2026-03-04 03:20:00,DRV_00044,VEH_00039,RTE_00727,SUP_00005,14786.09,24.53,12.3,3.0
100471,2026-02-21 21:40:00,DRV_00049,VEH_00002,RTE_00015,SUP_00014,18091.35,32.86,13.8,2.0
100472,2026-02-16 06:17:00,DRV_00040,VEH_00063,RTE_00016,SUP_00548,9615.07,23.23,12.1,3.0
100473,2026-03-07 20:41:00,DRV_00011,VEH_00029,RTE_00029,SUP_00101,2765.01,57.12,9.8,3.0
100474,2026-01-12 17:36:00,DRV_00003,VEH_00074,RTE_00013,SUP_00016,11718.56,-4.72,7.0,1.0
100475,2026-02-02 01:35:00,DRV_00006,VEH_00066,RTE_00017,SUP_00013,10164.75,19.64,15.2,1.0
100476,2026-01-06 10:05:00,DRV_00009,VEH_00051,RTE_00003,SUP_00358,21742.97,27.48,17.1,3.0
100477,2026-01-04 15:17:00,DRV_00006,VEH_00075,RTE_00020,SUP_00358,6477.88,12.69,8.0,3.0
100478,2026-01-14 22:16:00,DRV_00009,VEH_00077,RTE_00011,SUP_00726,24184.99,42.99,16.6,2.0
100479,2026-02-01 15:03:00,DRV_00039,VEH_00010,RTE_00027,SUP_00358,23974.38,-2.09,9.7,3.0
100480,2026-02-09 06:36:00,DRV_00031,VEH_00014,RTE_00021,SUP_00004,6566.98,44.54,8.8,2.0
100481,2026-01-03 07:43:00,DRV_00032,VEH_00051,RTE_00019,SUP_00011,9027.27,15.21,7.1,3.0
100482,2026-01-10 09:00:00,DRV_00041,VEH_00073,RTE_00022,SUP_00017,22441.12,-0.97,2.2,1.0
100483,2026-02-06 23:02:00,DRV_00012,VEH_00039,RTE_00011,SUP_00007,24182.24,12.79,-1.9,1.0
100484,2026-01-21 09:35:00,DRV_00008,VEH_00028,RTE_01007,SUP_00014,11364.26,56.75,2.8,3.0
100485,2026-01-07 17:02:00,DRV_00008,VEH_00003,RTE_00727,SUP_00011,8364.43,60.56,8.2,2.0
100486,2026-01-12 18:44:00,DRV_00028,VEH_00070,RTE_00028,SUP_00358,13389.3,32.2,5.6,2.0
100487,2026-02-11 09:58:00,DRV_00020,VEH_00027,RTE_00016,SUP_00009,17350.35,27.04,-1.5,2.0
100488,2026-02-21 03:46:00,DRV_00047,VEH_00002,RTE_00021,SUP_00484,7200.13,70.29,17.6,3.0
100489,2026-03-01 01:47:00,DRV_00007,VEH_00038,RTE_00003,SUP_00013,18543.59,10.44,5.0,3.0
100490,2026-02-16 16:15:00,DRV_00011,VEH_00003,RTE_00022,SUP_00484,1765.61,11.58,7.0,1.0
100491,2026-02-17 22:42:00,DRV_00020,VEH_00016,RTE_00006,SUP_00018,1707.72,17.47,18.6,1.0
100492,2026-01-10 05:24:00,DRV_00016,VEH_00040,RTE_00727,SUP_00011,9964.05,8.3,-1.0,3.0
100493,2026-02-20 13:09:00,DRV_00004,VEH_00002,RTE_00014,SUP_00015,9160.09,24.21,13.5,1.0
100494,2026-02-28 19:04:00,DRV_00006,VEH_00041,RTE_00024,SUP_00358,8233.01,65.13,9.4,2.0
100495,2026-03-06 21:48:00,DRV_00022,VEH_00012,RTE_00018,SUP_00019,12529.98,42.38,13.2,2.0
100496,2026-02-12 15:09:00,DRV_00026,VEH_00035,RTE_00017,SUP_00001,8357.97,26.72,1.0,3.0
100497,2026-01-07 13:15:00,DRV_00003,VEH_00065,RTE_00052,SUP_00004,5210.32,66.95,9.4,2.0
100498,2026-02-07 17:40:00,DRV_00041,VEH_00055,RTE_00004,SUP_00014,8082.0,-1.27,3.1,3.0
100499,2026-01-31 14:38:00,DRV_00042,VEH_00045,RTE_00052,SUP_00014,24385.15,11.19,2.6,2.0
100500,2026-02-24 17:52:00,DRV_00014,VEH_00079,RTE_00023,SUP_00003,10572.28,38.57,-1.8,3.0
100501,2026-02-05 14:53:00,DRV_00011,VEH_00062,RTE_00015,SUP_00017,11395.46,42.4,0.6,2.0
100502,2026-03-08 15:41:00,DRV_00018,VEH_00049,RTE_00052,SUP_00003,14625.35,-1.95,19.4,2.0
100503,2026-02-24 17:01:00,DRV_00012,VEH_00025,RTE_00011,SUP_00016,24591.85,26.03,0.3,1.0
100504,2026-02-11 22:43:00,DRV_00023,VEH_00023,RTE_00026,SUP_00014,6419.23,44.98,18.6,1.0
100505,2026-01-21 05:24:00,DRV_00012,VEH_00024,RTE_00003,SUP_00726,17191.41,29.58,4.2,1.0
100506,2026-03-08 06:35:00,DRV_00013,VEH_00038,RTE_00003,SUP_00013,18041.62,44.14,0.6,1.0
100507,2026-01-31 11:59:00,DRV_00025,VEH_00028,RTE_00016,SUP_00015,15379.45,19.68,2.0,1.0
100508,2026-01-25 11:27:00,DRV_00045,VEH_00021,RTE_00005,SUP_00014,2670.17,2.2,9.8,1.0
100509,2026-03-07 19:18:00,DRV_00019,VEH_00054,RTE_00021,SUP_00101,17083.37,27.89,-0.7,3.0
100510,2026-03-05 17:07:00,DRV_00046,VEH_00018,RTE_00029,SUP_00019,2070.32,4.91,15.2,3.0
100511,2026-02-13 13:52:00,DRV_00036,VEH_00036,RTE_00010,SUP_00006,15105.49,67.97,17.2,1.0
100512,2026-02-09 06:53:00,DRV_00045,VEH_00045,RTE_00019,SUP_00010,18619.74,31.59,2.9,3.0
100513,2026-02-11 01:01:00,DRV_00008,VEH_00073,RTE_00025,SUP_00015,5668.76,19.43,7.0,1.0
100514,2026-01-19 12:06:00,DRV_00029,VEH_00053,RTE_00004,SUP_00548,21119.74,57.79,-1.6,3.0
100515,2026-01-17 00:09:00,DRV_00032,VEH_00030,RTE_00029,SUP_00358,1243.67,33.34,10.8,2.0
100516,2026-02-25 06:45:00,DRV_00044,VEH_00060,RTE_00029,SUP_00726,21173.42,12.97,6.3,3.0
100517,2026-03-10 03:16:00,DRV_00018,VEH_00032,RTE_00727,SUP_00006,11778.06,57.52,3.4,3.0
100518,2026-03-09 14:59:00,DRV_00006,VEH_00067,RTE_00019,SUP_00484,5830.9,61.77,2.1,3.0
100519,2026-02-17 11:45:00,DRV_00018,VEH_00067,RTE_00011,SUP_00010,3777.56,46.82,11.1,2.0
100520,2026-01-28 21:18:00,DRV_00019,VEH_00028,RTE_00002,SUP_00007,23856.03,-1.38,6.3,1.0
100521,2026-02-15 10:17:00,DRV_00022,VEH_00044,RTE_00010,SUP_00358,2280.31,38.61,1.6,3.0
100522,2026-01-17 04:09:00,DRV_00037,VEH_00079,RTE_00029,SUP_00017,5377.79,53.77,11.8,3.0
100523,2026-01-07 19:43:00,DRV_00032,VEH_00041,RTE_00011,SUP_00018,9021.65,5.51,9.3,2.0
100524,2026-02-11 18:40:00,DRV_00041,VEH_00063,RTE_00025,SUP_00017,15695.75,12.61,15.2,1.0
100525,2026-01-30 03:35:00,DRV_00003,VEH_00023,RTE_00020,SUP_00009,13847.63,62.95,0.3,3.0
100526,2026-01-07 15:00:00,DRV_00028,VEH_00075,RTE_00016,SUP_00010,3578.27,-3.45,18.6,2.0
100527,2026-01-12 08:44:00,DRV_00010,VEH_00048,RTE_00019,SUP_00010,7598.34,52.96,11.5,1.0
100528,2026-01-04 04:51:00,DRV_00035,VEH_00032,RTE_00023,SUP_00007,6349.42,31.48,0.3,1.0
100529,2026-01-20 05:03:00,DRV_00029,VEH_00057,RTE_00024,SUP_00016,5731.8,29.4,11.9,3.0
100530,2026-02-06 02:31:00,DRV_00015,VEH_00033,RTE_00011,SUP_00018,10573.04,-4.45,6.8,3.0
100531,2026-02-10 01:19:00,DRV_00033,VEH_00024,RTE_00014,SUP_00006,17748.77,58.09,16.9,3.0
100532,2026-01-22 12:17:00,DRV_00007,VEH_00039,RTE_00002,SUP_00726,5827.6,37.49,0.8,3.0
100533,2026-03-07 18:24:00,DRV_00012,VEH_00034,RTE_00023,SUP_00001,9483.63,36.64,10.9,2.0
100534,2026-02-04 02:35:00,DRV_00049,VEH_00056,RTE_00028,SUP_00001,10077.48,47.15,5.6,2.0
100535,2026-03-05 04:47:00,DRV_00030,VEH_00028,RTE_00005,SUP_00012,24423.18,49.1,17.1,3.0
100536,2026-03-03 06:23:00,DRV_00021,VEH_00037,RTE_00727,SUP_00548,23889.33,52.91,4.6,1.0
100537,2026-02-12 06:50:00,DRV_00031,VEH_00007,RTE_00027,SUP_00002,20103.37,35.91,17.2,3.0
100538,2026-02-16 02:27:00,DRV_00024,VEH_00068,RTE_00005,SUP_00004,6420.64,25.78,16.0,1.0
100539,2026-01-13 13:11:00,DRV_00020,VEH_00037,RTE_00019,SUP_00017,2166.91,68.44,3.4,1.0
100540,2026-02-11 03:55:00,DRV_00037,VEH_00056,RTE_00021,SUP_00004,8264.15,44.44,14.1,1.0
100541,2026-02-20 06:09:00,DRV_00004,VEH_00065,RTE_00012,SUP_00011,7036.47,17.96,17.9,2.0
100542,2026-01-09 06:58:00,DRV_00028,VEH_00065,RTE_00018,SUP_00358,12895.18,4.74,18.6,1.0
100543,2026-01-25 10:35:00,DRV_00044,VEH_00047,RTE_00004,SUP_00004,19554.33,59.88,6.7,1.0
100544,2026-03-05 16:00:00,DRV_00020,VEH_00020,RTE_00022,SUP_00001,21528.91,22.89,8.4,2.0
100545,2026-01-03 18:40:00,DRV_00024,VEH_00019,RTE_00017,SUP_00007,21199.17,45.86,3.9,1.0
100546,2026-02-19 00:28:00,DRV_00049,VEH_00029,RTE_00010,SUP_00018,9312.05,31.25,-1.7,1.0
100547,2026-03-07 00:10:00,DRV_00032,VEH_00074,RTE_00020,SUP_00009,17337.24,10.32,2.4,3.0
100548,2026-03-09 22:56:00,DRV_00041,VEH_00060,RTE_00006,SUP_00003,8164.44,41.33,3.6,1.0
100549,2026-01-27 14:24:00,DRV_00036,VEH_00018,RTE_00025,SUP_00008,1992.19,-0.33,6.9,1.0
100550,2026-02-18 05:29:00,DRV_00034,VEH_00035,RTE_00014,SUP_00101,17688.35,26.83,1.4,1.0
100551,2026-02-27 15:06:00,DRV_00036,VEH_00043,RTE_00011,SUP_00019,740.78,37.09,15.5,1.0
100552,2026-03-04 06:03:00,DRV_00002,VEH_00011,RTE_00052,SUP_00004,10524.97,28.58,12.1,1.0
100553,2026-01-15 10:04:00,DRV_00015,VEH_00049,RTE_00011,SUP_00018,8569.79,52.65,-0.3,2.0
100554,2026-03-01 17:47:00,DRV_00034,VEH_00038,RTE_00029,SUP_00726,17487.75,25.99,11.0,1.0
100555,2026-01-27 17:34:00,DRV_00036,VEH_00064,RTE_00018,SUP_00011,19273.01,54.39,11.1,1.0
100556,2026-01-03 08:13:00,DRV_00006,VEH_00069,RTE_00027,SUP_00014,7950.32,-2.01,18.6,2.0
100557,2026-01-09 10:41:00,DRV_00039,VEH_00008,RTE_00023,SUP_00018,20384.86,9.95,-1.9,2.0
100558,2026-03-09 17:32:00,DRV_00042,VEH_00034,RTE_00022,SUP_00016,7700.96,36.32,3.0,1.0
100559,2026-03-06 08:18:00,DRV_00012,VEH_00048,RTE_00018,SUP_00003,11435.0,66.98,16.6,1.0
100560,2026-01-19 23:50:00,DRV_00003,VEH_00056,RTE_00024,SUP_00015,18311.95,59.29,16.6,1.0
100561,2026-03-06 14:08:00,DRV_00045,VEH_00076,RTE_00023,SUP_00004,17476.55,59.88,12.4,3.0
100562,2026-03-07 11:37:00,DRV_00018,VEH_00065,RTE_00011,SUP_00005,24690.53,18.35,13.3,3.0
100563,2026-01-18 14:31:00,DRV_00040,VEH_00031,RTE_00021,SUP_00017,6016.45,28.07,-0.2,1.0
100564,2026-03-03 13:48:00,DRV_00021,VEH_00004,RTE_00012,SUP_00007,16726.79,31.24,8.3,2.0
100565,2026-01-11 15:05:00,DRV_00015,VEH_00050,RTE_00005,SUP_00016,15437.21,7.12,2.6,1.0
100566,2026-02-22 07:53:00,DRV_00033,VEH_00069,RTE_00023,SUP_00014,22919.91,-2.61,1.6,2.0
100567,2026-02-23 07:57:00,DRV_00035,VEH_00030,RTE_00009,SUP_00016,4330.87,67.91,14.2,2.0
100568,2026-02-15 19:13:00,DRV_00026,VEH_00059,RTE_00027,SUP_00007,18919.06,13.53,0.7,2.0
100569,2026-02-09 21:38:00,DRV_00008,VEH_00067,RTE_00727,SUP_00009,14422.58,13.48,7.4,1.0
100570,2026-01-15 03:18:00,DRV_00036,VEH_00075,RTE_00025,SUP_00004,7229.31,1.42,16.8,1.0
100571,2026-01-03 06:27:00,DRV_00048,VEH_00045,RTE_00009,SUP_00358,12123.66,66.5,1.7,2.0
100572,2026-02-27 11:05:00,DRV_00030,VEH_00004,RTE_00022,SUP_00011,8677.53,39.64,17.6,3.0
100573,2026-03-04 05:08:00,DRV_00023,VEH_00026,RTE_00010,SUP_00002,14693.18,46.36,17.9,3.0
100574,2026-01-27 17:53:00,DRV_00042,VEH_00027,RTE_00022,SUP_00012,22280.51,65.19,9.1,3.0
100575,2026-01-19 02:52:00,DRV_00044,VEH_00046,RTE_00019,SUP_00012,14447.97,21.61,1.4,2.0
100576,2026-01-08 20:58:00,DRV_00014,VEH_00064,RTE_00001,SUP_00004,15977.2,42.86,4.3,1.0
100577,2026-01-01 06:52:00,DRV_00014,VEH_00051,RTE_00052,SUP_00018,13209.32,-2.01,19.4,2.0
100578,2026-01-06 05:43:00,DRV_00002,VEH_00050,RTE_00007,SUP_00548,1753.55,32.46,18.6,3.0
100579,2026-01-24 06:16:00,DRV_00037,VEH_00006,RTE_00004,SUP_00007,6205.03,59.01,19.4,1.0
100580,2026-02-12 03:32:00,DRV_00005,VEH_00059,RTE_00001,SUP_00001,12554.04,54.04,17.4,2.0
100581,2026-03-03 20:44:00,DRV_00038,VEH_00015,RTE_00015,SUP_00484,8100.76,22.0,1.1,2.0
100582,2026-03-06 12:40:00,DRV_00045,VEH_00030,RTE_00008,SUP_00013,4953.21,24.01,18.6,3.0
100583,2026-01-31 20:25:00,DRV_00041,VEH_00042,RTE_00012,SUP_00006,12851.25,36.08,-2.0,2.0
100584,2026-01-27 21:56:00,DRV_00047,VEH_00037,RTE_00022,SUP_00006,8408.84,-4.98,9.9,1.0
100585,2026-01-14 02:48:00,DRV_00014,VEH_00042,RTE_00022,SUP_00012,6823.64,13.58,16.3,3.0
100586,2026-01-25 19:35:00,DRV_00039,VEH_00035,RTE_00018,SUP_00008,11867.64,11.03,3.8,3.0
100587,2026-02-02 20:15:00,DRV_00025,VEH_00006,RTE_00015,SUP_00101,3765.46,14.29,1.7,1.0
100588,2026-02-27 16:02:00,DRV_00020,VEH_00068,RTE_00017,SUP_00358,23229.77,57.05,11.0,3.0
100589,2026-03-01 17:19:00,DRV_00002,VEH_00018,RTE_00029,SUP_00019,21758.7,16.53,12.3,2.0
100590,2026-01-13 11:15:00,DRV_00039,VEH_00073,RTE_00014,SUP_00005,17836.7,9.75,11.8,2.0
100591,2026-01-27 06:41:00,DRV_00006,VEH_00029,RTE_00014,SUP_00018,3102.24,33.83,4.4,3.0
100592,2026-02-19 01:20:00,DRV_00017,VEH_00077,RTE_00018,SUP_00005,19508.99,61.65,3.0,1.0
100593,2026-02-15 11:50:00,DRV_00025,VEH_00059,RTE_00020,SUP_00010,20294.95,13.58,17.1,2.0
100594,2026-01-25 05:51:00,DRV_00028,VEH_00047,RTE_00018,SUP_00001,19310.23,1.05,16.5,1.0
100595,2026-02-10 23:51:00,DRV_00002,VEH_00017,RTE_00016,SUP_00010,3292.16,22.44,7.1,2.0
100596,2026-03-03 14:46:00,DRV_00035,VEH_00022,RTE_00001,SUP_00005,16275.74,52.57,18.6,2.0
100597,2026-01-06 02:37:00,DRV_00037,VEH_00068,RTE_00023,SUP_00012,20940.96,37.4,7.0,3.0
100598,2026-01-23 13:19:00,DRV_00005,VEH_00069,RTE_00027,SUP_00358,14645.16,57.89,6.5,3.0
100599,2026-02-12 16:36:00,DRV_00001,VEH_00037,RTE_00011,SUP_00007,16336.98,68.89,1.1,1.0
100600,2026-02-01 02:51:00,DRV_00040,VEH_00049,RTE_00015,SUP_00009,11729.91,56.04,6.5,3.0
100601,2026-01-26 03:28:00,DRV_00012,VEH_00013,RTE_00012,SUP_00358,13453.33,41.49,8.7,2.0
100602,2026-01-14 23:50:00,DRV_00036,VEH_00034,RTE_00008,SUP_00548,1342.23,43.73,18.6,2.0
100603,2026-02-19 10:20:00,DRV_00045,VEH_00053,RTE_00022,SUP_00012,16154.59,-1.91,6.9,1.0
100604,2026-01-31 01:26:00,DRV_00023,VEH_00051,RTE_00020,SUP_00484,2495.46,70.79,13.6,1.0
100605,2026-02-17 12:50:00,DRV_00047,VEH_00003,RTE_01007,SUP_00001,11157.86,24.53,11.6,2.0
100606,2026-01-15 19:52:00,DRV_00031,VEH_00042,RTE_00006,SUP_00011,7670.05,6.72,10.7,3.0
100607,2026-02-08 05:49:00,DRV_00011,VEH_00032,RTE_00003,SUP_00548,13862.98,57.43,16.2,3.0
100608,2026-01-10 23:57:00,DRV_00010,VEH_00051,RTE_00028,SUP_00015,3768.7,16.89,-1.6,1.0
100609,2026-01-29 20:35:00,DRV_00003,VEH_00046,RTE_00024,SUP_00002,17445.26,40.1,9.1,1.0
100610,2026-02-02 14:39:00,DRV_00014,VEH_00021,RTE_00026,SUP_00726,19977.78,31.12,13.7,2.0
100611,2026-01-01 12:08:00,DRV_00016,VEH_00044,RTE_01007,SUP_00007,4502.18,29.32,19.4,2.0
100612,2026-02-05 01:57:00,DRV_00010,VEH_00011,RTE_00013,SUP_00548,3055.67,24.53,4.5,1.0
100613,2026-02-15 23:54:00,DRV_00029,VEH_00068,RTE_00013,SUP_00012,4065.13,15.4,0.7,2.0
100614,2026-01-28 17:54:00,DRV_00010,VEH_00001,RTE_00002,SUP_00358,21989.63,29.54,15.8,1.0
100615,2026-02-02 20:00:00,DRV_00012,VEH_00063,RTE_00005,SUP_00018,13440.64,36.4,7.4,1.0
100616,2026-02-25 04:19:00,DRV_00030,VEH_00024,RTE_00017,SUP_00003,11947.89,46.1,18.6,3.0
100617,2026-01-12 15:39:00,DRV_00041,VEH_00013,RTE_00006,SUP_00007,3114.44,55.37,9.7,1.0
100618,2026-02-14 09:32:00,DRV_00001,VEH_00011,RTE_00002,SUP_00011,16414.12,25.4,11.5,2.0
100619,2026-02-20 15:36:00,DRV_00005,VEH_00051,RTE_00004,SUP_00018,21765.99,44.75,14.1,3.0
100620,2026-01-17 23:46:00,DRV_00020,VEH_00017,RTE_00022,SUP_00012,20790.55,6.6,11.2,3.0
100621,2026-01-26 15:39:00,DRV_00008,VEH_00024,RTE_00026,SUP_00006,15838.34,66.81,6.0,2.0
100622,2026-02-18 12:56:00,DRV_00043,VEH_00019,RTE_00011,SUP_00005,2344.33,24.5,8.3,2.0
100623,2026-01-25 11:50:00,DRV_00012,VEH_00037,RTE_00008,SUP_00001,3253.73,51.17,18.6,2.0
100624,2026-02-11 02:03:00,DRV_00001,VEH_00008,RTE_00012,SUP_00012,1708.07,-3.43,5.5,1.0
100625,2026-02-27 09:17:00,DRV_00020,VEH_00028,RTE_00008,SUP_00011,6808.24,10.8,5.8,3.0
100626,2026-02-06 01:34:00,DRV_00028,VEH_00005,RTE_00011,SUP_00004,3823.71,32.51,-0.1,1.0
100627,2026-02-15 01:35:00,DRV_00043,VEH_00017,RTE_00022,SUP_00018,6871.18,62.63,16.3,1.0
100628,2026-01-23 10:27:00,DRV_00037,VEH_00036,RTE_00020,SUP_00004,9933.92,35.6,-0.2,1.0
100629,2026-02-07 13:38:00,DRV_00047,VEH_00019,RTE_00008,SUP_00017,23603.08,66.6,11.0,1.0
100630,2026-02-12 07:21:00,DRV_00037,VEH_00064,RTE_00029,SUP_00002,15454.21,32.25,6.3,3.0
100631,2026-01-04 19:26:00,DRV_00012,VEH_00011,RTE_00008,SUP_00101,20956.86,32.76,6.1,3.0
100632,2026-01-06 18:55:00,DRV_00037,VEH_00054,RTE_00026,SUP_00358,17903.61,4.22,18.6,1.0
100633,2026-03-02 08:20:00,DRV_00049,VEH_00045,RTE_01007,SUP_00002,3256.33,56.8,-0.7,2.0
100634,2026-03-03 21:12:00,DRV_00049,VEH_00047,RTE_00017,SUP_00012,18530.05,14.02,9.9,3.0
100635,2026-03-09 12:03:00,DRV_00044,VEH_00012,RTE_00052,SUP_00006,7239.92,64.27,18.6,1.0
100636,2026-01-08 17:30:00,DRV_00028,VEH_00021,RTE_00020,SUP_00010,16158.14,65.13,14.6,2.0
100637,2026-03-02 18:28:00,DRV_00047,VEH_00011,RTE_00020,SUP_00484,8853.57,67.63,1.4,2.0
100638,2026-02-12 01:26:00,DRV_00015,VEH_00005,RTE_00023,SUP_00548,24942.97,17.66,15.9,1.0
100639,2026-02-16 07:43:00,DRV_00006,VEH_00056,RTE_00016,SUP_00484,6957.01,47.14,11.1,3.0
100640,2026-01-19 21:12:00,DRV_00044,VEH_00020,RTE_00014,SUP_00016,7338.7,54.95,15.6,2.0
100641,2026-01-01 17:42:00,DRV_00020,VEH_00041,RTE_01007,SUP_00014,23301.47,5.09,7.7,3.0
100642,2026-02-28 09:16:00,DRV_00014,VEH_00046,RTE_00011,SUP_00007,1103.79,41.27,8.8,3.0
100643,2026-03-04 08:20:00,DRV_00002,VEH_00012,RTE_00007,SUP_00019,17568.88,-2.36,16.4,2.0
100644,2026-01-15 23:05:00,DRV_00009,VEH_00070,RTE_00016,SUP_00484,18270.5,33.31,16.0,1.0
100645,2026-01-16 01:29:00,DRV_00037,VEH_00017,RTE_00013,SUP_00017,20991.28,6.92,7.0,2.0
100646,2026-01-08 18:14:00,DRV_00020,VEH_00019,RTE_00027,SUP_00009,24373.76,9.09,3.5,2.0
100647,2026-03-03 10:21:00,DRV_00026,VEH_00026,RTE_00015,SUP_00013,24402.25,23.11,5.9,3.0
100648,2026-01-07 11:48:00,DRV_00029,VEH_00048,RTE_00024,SUP_00358,2099.28,28.3,19.4,1.0
100649,2026-01-17 11:14:00,DRV_00001,VEH_00052,RTE_00016,SUP_00005,20635.06,42.98,3.7,3.0
100650,2026-01-27 11:02:00,DRV_00035,VEH_00070,RTE_00027,SUP_00484,16334.59,0.73,3.4,2.0
100651,2026-02-21 17:00:00,DRV_00006,VEH_00055,RTE_00021,SUP_00005,16359.88,33.78,18.6,1.0
100652,2026-03-04 10:50:00,DRV_00037,VEH_00075,RTE_00023,SUP_00010,3644.57,9.06,-0.6,1.0
100653,2026-01-05 17:21:00,DRV_00005,VEH_00033,RTE_00024,SUP_00548,16429.59,39.19,11.6,1.0
100654,2026-02-20 04:27:00,DRV_00033,VEH_00062,RTE_00052,SUP_00010,24570.82,44.08,1.5,1.0
100655,2026-02-03 10:16:00,DRV_00049,VEH_00023,RTE_00727,SUP_00007,22839.55,37.87,4.9,1.0
100656,2026-01-17 09:45:00,DRV_00014,VEH_00015,RTE_00009,SUP_00015,11258.7,51.85,-0.8,2.0
100657,2026-02-27 13:13:00,DRV_00012,VEH_00027,RTE_00003,SUP_00007,1478.73,20.84,3.4,2.0
100658,2026-02-20 09:52:00,DRV_00042,VEH_00075,RTE_00019,SUP_00015,9376.19,53.91,13.4,2.0
100659,2026-02-23 12:12:00,DRV_00020,VEH_00064,RTE_00020,SUP_00003,20746.56,28.32,15.7,3.0
100660,2026-01-31 17:41:00,DRV_00024,VEH_00051,RTE_00005,SUP_00019,17686.73,32.28,2.4,1.0
100661,2026-01-02 01:42:00,DRV_00043,VEH_00053,RTE_00010,SUP_00010,11753.92,44.9,7.3,1.0
100662,2026-01-16 01:17:00,DRV_00034,VEH_00078,RTE_00017,SUP_00015,1849.99,-3.59,19.4,2.0
100663,2026-02-02 10:52:00,DRV_00025,VEH_00051,RTE_00015,SUP_00003,10958.92,45.36,15.5,1.0
100664,2026-02-04 23:03:00,DRV_00029,VEH_00047,RTE_00727,SUP_00006,11991.11,42.63,18.6,3.0
100665,2026-01-28 03:21:00,DRV_00039,VEH_00004,RTE_00023,SUP_00012,23249.61,18.86,8.3,1.0
100666,2026-02-13 15:36:00,DRV_00031,VEH_00007,RTE_00025,SUP_00015,16206.61,1.61,11.4,1.0
100667,2026-03-06 15:45:00,DRV_00047,VEH_00035,RTE_00008,SUP_00006,8135.5,2.0,14.9,3.0
100668,2026-03-03 16:58:00,DRV_00043,VEH_00048,RTE_00015,SUP_00013,13370.3,66.09,-1.8,2.0
100669,2026-01-14 05:45:00,DRV_00023,VEH_00073,RTE_00727,SUP_00019,2118.36,48.07,6.1,2.0
100670,2026-02-27 23:00:00,DRV_00044,VEH_00072,RTE_00021,SUP_00003,24327.92,4.79,16.1,1.0
100671,2026-03-03 04:12:00,DRV_00038,VEH_00045,RTE_01007,SUP_00008,9321.47,22.47,12.8,3.0
100672,2026-02-07 23:33:00,DRV_00020,VEH_00072,RTE_00014,SUP_00008,12207.75,40.62,8.9,2.0
100673,2026-01-19 17:22:00,DRV_00023,VEH_00019,RTE_00020,SUP_00484,9204.46,59.34,8.6,2.0
100674,2026-01-20 15:35:00,DRV_00045,VEH_00063,RTE_00028,SUP_00726,17221.54,44.18,5.0,2.0
100675,2026-01-10 14:07:00,DRV_00016,VEH_00038,RTE_00007,SUP_00015,16724.69,13.22,8.4,1.0
100676,2026-01-30 09:48:00,DRV_00042,VEH_00067,RTE_00021,SUP_00004,18025.4,63.51,11.1,3.0
100677,2026-01-19 08:32:00,DRV_00008,VEH_00059,RTE_00023,SUP_00019,7069.51,-4.29,19.4,1.0
100678,2026-02-27 20:05:00,DRV_00021,VEH_00069,RTE_00012,SUP_00548,8233.88,21.42,12.3,2.0
100679,2026-03-05 17:52:00,DRV_00001,VEH_00013,RTE_00017,SUP_00003,3568.66,68.84,15.2,3.0
100680,2026-02-10 04:14:00,DRV_00008,VEH_00047,RTE_00017,SUP_00013,16559.99,42.23,1.1,1.0
100681,2026-01-28 23:02:00,DRV_00029,VEH_00061,RTE_00052,SUP_00008,1475.03,15.15,18.6,2.0
100682,2026-01-26 18:00:00,DRV_00032,VEH_00031,RTE_00010,SUP_00484,15143.22,0.16,6.2,2.0
100683,2026-01-01 22:04:00,DRV_00038,VEH_00022,RTE_01007,SUP_00016,21807.55,-2.83,11.7,1.0
100684,2026-03-05 09:07:00,DRV_00005,VEH_00043,RTE_00029,SUP_00013,22325.39,13.85,3.0,2.0
100685,2026-01-25 22:29:00,DRV_00047,VEH_00067,RTE_00019,SUP_00003,11501.43,62.87,10.8,2.0
100686,2026-03-04 00:59:00,DRV_00022,VEH_00054,RTE_00014,SUP_00016,11752.94,27.03,15.5,3.0
100687,2026-01-14 19:10:00,DRV_00047,VEH_00010,RTE_00011,SUP_00009,2385.74,50.47,6.4,2.0
100688,2026-01-25 00:18:00,DRV_00034,VEH_00042,RTE_00002,SUP_00014,16933.74,65.71,16.2,1.0
100689,2026-02-20 02:04:00,DRV_00001,VEH_00064,RTE_00018,SUP_00013,20620.86,26.42,19.4,3.0
100690,2026-01-19 14:30:00,DRV_00026,VEH_00021,RTE_00007,SUP_00548,6494.05,23.43,0.1,1.0
100691,2026-01-18 13:29:00,DRV_00043,VEH_00076,RTE_00012,SUP_00007,10821.87,34.82,2.7,2.0
100692,2026-02-08 06:49:00,DRV_00010,VEH_00066,RTE_00026,SUP_00015,21051.56,64.92,17.0,3.0
100693,2026-03-07 01:54:00,DRV_00030,VEH_00041,RTE_00002,SUP_00007,21989.45,56.94,17.2,3.0
100694,2026-03-07 10:46:00,DRV_00018,VEH_00024,RTE_00027,SUP_00006,6457.91,0.07,19.4,3.0
100695,2026-01-11 18:05:00,DRV_00017,VEH_00035,RTE_00020,SUP_00002,13988.98,48.33,-1.7,3.0
100696,2026-01-31 21:22:00,DRV_00026,VEH_00056,RTE_00018,SUP_00009,5216.08,39.04,1.2,1.0
100697,2026-03-01 20:28:00,DRV_00008,VEH_00030,RTE_00006,SUP_00358,2996.03,64.87,-1.5,2.0
100698,2026-01-04 07:08:00,DRV_00047,VEH_00057,RTE_00024,SUP_00101,22822.45,4.43,1.6,2.0
100699,2026-03-02 06:09:00,DRV_00040,VEH_00047,RTE_00010,SUP_00017,20602.43,36.12,8.1,3.0
100700,2026-01-07 13:15:00,DRV_00049,VEH_00035,RTE_00052,SUP_00005,19120.86,62.72,15.0,2.0
100701,2026-01-03 13:49:00,DRV_00012,VEH_00019,RTE_00020,SUP_00012,1694.77,26.57,-1.6,1.0
100702,2026-01-22 01:55:00,DRV_00027,VEH_00008,RTE_00015,SUP_00001,21171.36,32.11,10.1,2.0
100703,2026-02-08 17:31:00,DRV_00008,VEH_00026,RTE_00005,SUP_00010,11232.08,0.43,3.5,1.0
100704,2026-02-10 03:19:00,DRV_00025,VEH_00071,RTE_00020,SUP_00011,8888.68,16.42,15.2,1.0
100705,2026-01-10 02:36:00,DRV_00046,VEH_00030,RTE_00003,SUP_00016,13888.67,19.99,3.7,2.0
100706,2026-01-18 16:30:00,DRV_00004,VEH_00007,RTE_00005,SUP_00014,2738.15,67.77,11.7,1.0
100707,2026-01-30 09:44:00,DRV_00033,VEH_00067,RTE_01007,SUP_00008,19037.84,16.77,11.5,1.0
100708,2026-01-30 19:18:00,DRV_00001,VEH_00065,RTE_00025,SUP_00101,14769.66,30.49,2.4,1.0
100709,2026-02-06 06:24:00,DRV_00019,VEH_00036,RTE_00008,SUP_00017,5071.46,46.69,-1.3,1.0
100710,2026-01-28 06:58:00,DRV_00031,VEH_00025,RTE_00008,SUP_00018,5111.69,7.49,6.2,3.0
100711,2026-02-25 16:59:00,DRV_00016,VEH_00037,RTE_00008,SUP_00012,5014.09,32.46,3.8,2.0
100712,2026-02-12 19:09:00,DRV_00014,VEH_00001,RTE_00012,SUP_00017,1896.56,51.87,14.2,3.0
100713,2026-02-15 20:40:00,DRV_00048,VEH_00015,RTE_00024,SUP_00014,14901.06,61.75,14.0,1.0
100714,2026-03-11 02:38:00,DRV_00005,VEH_00037,RTE_00023,SUP_00016,21088.53,43.22,7.1,2.0
100715,2026-03-11 07:55:00,DRV_00041,VEH_00013,RTE_00008,SUP_00014,928.71,46.52,10.1,1.0
100716,2026-01-20 10:56:00,DRV_00026,VEH_00008,RTE_00011,SUP_00009,1700.61,4.72,19.4,2.0
100717,2026-01-17 15:20:00,DRV_00028,VEH_00005,RTE_00014,SUP_00004,14532.87,67.82,14.5,3.0
100718,2026-01-24 07:51:00,DRV_00002,VEH_00060,RTE_00052,SUP_00484,20577.64,5.21,6.5,2.0
100719,2026-02-27 12:48:00,DRV_00006,VEH_00073,RTE_00008,SUP_00011,8505.1,54.65,3.5,1.0
100720,2026-02-16 23:21:00,DRV_00009,VEH_00001,RTE_00029,SUP_00006,9065.55,15.39,3.3,2.0
100721,2026-01-26 06:35:00,DRV_00033,VEH_00036,RTE_01007,SUP_00015,15110.49,66.89,8.7,2.0
100722,2026-01-16 18:20:00,DRV_00041,VEH_00035,RTE_00024,SUP_00005,7218.22,50.44,7.0,3.0
100723,2026-01-25 01:00:00,DRV_00025,VEH_00066,RTE_00028,SUP_00011,1151.9,53.04,6.8,1.0
100724,2026-01-15 06:39:00,DRV_00048,VEH_00063,RTE_00010,SUP_00018,18513.1,11.87,-0.2,2.0
100725,2026-03-06 14:45:00,DRV_00013,VEH_00023,RTE_00007,SUP_00013,15828.42,29.11,18.6,3.0
100726,2026-03-06 20:36:00,DRV_00009,VEH_00009,RTE_00028,SUP_00011,14728.52,42.57,2.3,2.0
100727,2026-02-12 19:22:00,DRV_00013,VEH_00034,RTE_00017,SUP_00014,18671.26,54.29,1.9,1.0
100728,2026-02-23 03:39:00,DRV_00031,VEH_00046,RTE_00004,SUP_00018,17043.16,3.0,6.3,2.0
100729,2026-01-16 02:12:00,DRV_00041,VEH_00078,RTE_00029,SUP_00019,5544.11,69.1,18.6,2.0
100730,2026-03-05 10:42:00,DRV_00011,VEH_00004,RTE_00013,SUP_00101,9135.79,63.55,9.7,2.0
100731,2026-01-22 01:54:00,DRV_00004,VEH_00030,RTE_00052,SUP_00015,3589.7,15.82,5.4,2.0
100732,2026-01-10 14:43:00,DRV_00034,VEH_00075,RTE_00004,SUP_00009,3681.5,58.35,19.4,1.0
100733,2026-02-19 19:26:00,DRV_00038,VEH_00072,RTE_00005,SUP_00008,17066.8,34.91,8.7,3.0
100734,2026-01-13 06:00:00,DRV_00046,VEH_00003,RTE_00026,SUP_00726,21535.7,21.24,2.1,3.0
100735,2026-02-06 11:28:00,DRV_00004,VEH_00014,RTE_00022,SUP_00001,24086.95,19.21,1.1,2.0
100736,2026-01-27 16:13:00,DRV_00038,VEH_00060,RTE_00004,SUP_00004,15894.5,39.73,15.6,1.0
100737,2026-02-06 13:18:00,DRV_00019,VEH_00077,RTE_00727,SUP_00014,5010.48,51.2,6.7,1.0
100738,2026-02-06 14:56:00,DRV_00006,VEH_00045,RTE_00018,SUP_00002,3088.43,26.64,18.6,1.0
100739,2026-02-17 19:46:00,DRV_00034,VEH_00034,RTE_00052,SUP_00016,20414.85,43.45,-1.3,1.0
100740,2026-01-14 06:07:00,DRV_00018,VEH_00045,RTE_00006,SUP_00003,14679.53,48.85,8.0,1.0
100741,2026-01-29 18:30:00,DRV_00013,VEH_00061,RTE_00727,SUP_00008,15647.98,49.76,9.1,1.0
100742,2026-01-18 00:24:00,DRV_00041,VEH_00016,RTE_00024,SUP_00006,19645.82,-1.0,9.2,2.0
100743,2026-01-05 22:34:00,DRV_00023,VEH_00066,RTE_00727,SUP_00016,17730.29,61.2,18.6,3.0
100744,2026-02-24 18:19:00,DRV_00019,VEH_00040,RTE_00024,SUP_00101,20944.23,30.29,1.5,3.0
100745,2026-03-11 04:57:00,DRV_00045,VEH_00017,RTE_00023,SUP_00016,1877.24,15.21,3.0,2.0
100746,2026-01-08 14:55:00,DRV_00011,VEH_00034,RTE_00022,SUP_00007,18814.26,13.62,14.2,3.0
100747,2026-01-08 15:43:00,DRV_00001,VEH_00016,RTE_00002,SUP_00013,21345.89,32.19,16.9,1.0
100748,2026-01-15 21:27:00,DRV_00024,VEH_00060,RTE_00727,SUP_00013,7510.31,63.29,0.7,1.0
100749,2026-03-04 19:49:00,DRV_00007,VEH_00066,RTE_00023,SUP_00005,16190.96,24.13,8.0,3.0
100750,2026-01-17 15:19:00,DRV_00025,VEH_00066,RTE_00011,SUP_00726,8196.97,20.65,2.3,1.0
100751,2026-02-15 23:23:00,DRV_00021,VEH_00013,RTE_00028,SUP_00358,23970.29,2.46,-0.8,1.0
100752,2026-01-21 15:03:00,DRV_00015,VEH_00056,RTE_00014,SUP_00018,1318.88,31.66,4.5,3.0
100753,2026-01-07 11:37:00,DRV_00001,VEH_00031,RTE_00052,SUP_00015,14704.92,71.36,0.9,2.0
100754,2026-02-02 05:47:00,DRV_00012,VEH_00034,RTE_01007,SUP_00018,4579.34,54.32,12.2,3.0
100755,2026-02-12 17:29:00,DRV_00007,VEH_00039,RTE_00005,SUP_00002,17949.4,11.21,8.7,3.0
100756,2026-02-28 19:05:00,DRV_00015,VEH_00067,RTE_00052,SUP_00010,4809.31,33.61,0.9,3.0
100757,2026-01-23 04:01:00,DRV_00021,VEH_00008,RTE_00006,SUP_00484,6266.89,12.99,-1.8,3.0
100758,2026-01-24 03:07:00,DRV_00019,VEH_00078,RTE_00010,SUP_00013,12612.08,26.54,14.2,2.0
100759,2026-01-19 23:55:00,DRV_00029,VEH_00055,RTE_00008,SUP_00018,22913.46,55.07,1.5,2.0
100760,2026-01-04 08:35:00,DRV_00025,VEH_00027,RTE_00052,SUP_00015,5687.0,54.38,10.1,1.0
100761,2026-01-14 23:59:00,DRV_00033,VEH_00053,RTE_00014,SUP_00012,4033.88,12.56,4.7,1.0
100762,2026-02-03 01:25:00,DRV_00049,VEH_00039,RTE_00024,SUP_00015,19094.93,66.01,9.7,3.0
100763,2026-01-27 10:48:00,DRV_00032,VEH_00065,RTE_00003,SUP_00013,12765.18,40.63,18.6,1.0
100764,2026-02-24 16:32:00,DRV_00049,VEH_00017,RTE_00012,SUP_00018,22838.74,24.25,-0.3,2.0
100765,2026-02-08 09:24:00,DRV_00035,VEH_00030,RTE_00016,SUP_00015,4092.06,33.65,2.5,1.0
100766,2026-02-09 14:43:00,DRV_00044,VEH_00053,RTE_00028,SUP_00484,16325.23,41.59,1.8,1.0
100767,2026-01-25 16:27:00,DRV_00038,VEH_00013,RTE_01007,SUP_00011,6205.54,38.11,6.6,1.0
100768,2026-03-09 08:47:00,DRV_00026,VEH_00021,RTE_00023,SUP_00019,4340.63,32.45,11.2,3.0
100769,2026-02-27 12:44:00,DRV_00011,VEH_00019,RTE_00017,SUP_00003,17244.02,33.88,19.4,1.0
100770,2026-01-20 02:52:00,DRV_00035,VEH_00053,RTE_00001,SUP_00007,15045.27,8.58,-1.8,2.0
100771,2026-01-24 20:29:00,DRV_00008,VEH_00019,RTE_00023,SUP_00548,18993.27,55.12,8.4,2.0
100772,2026-02-01 13:25:00,DRV_00046,VEH_00057,RTE_00727,SUP_00014,8081.83,36.72,-1.5,2.0
100773,2026-01-04 23:13:00,DRV_00014,VEH_00025,RTE_00727,SUP_00014,11475.31,5.09,17.3,2.0
100774,2026-02-09 00:18:00,DRV_00010,VEH_00031,RTE_00010,SUP_00358,10434.06,53.99,9.8,1.0
100775,2026-02-04 07:27:00,DRV_00002,VEH_00055,RTE_00025,SUP_00013,24610.19,66.8,7.4,3.0
100776,2026-02-18 20:20:00,DRV_00046,VEH_00023,RTE_00023,SUP_00012,7660.1,67.94,9.5,2.0
100777,2026-02-05 09:50:00,DRV_00009,VEH_00032,RTE_00010,SUP_00101,7723.02,23.41,16.6,2.0
100778,2026-02-22 13:12:00,DRV_00003,VEH_00062,RTE_00021,SUP_00009,9186.43,5.43,14.6,3.0
100779,2026-02-15 12:25:00,DRV_00021,VEH_00074,RTE_00024,SUP_00001,14332.55,34.92,4.5,3.0
100780,2026-02-28 21:11:00,DRV_00026,VEH_00010,RTE_00002,SUP_00019,6681.91,3.67,2.7,2.0
100781,2026-02-10 09:01:00,DRV_00008,VEH_00072,RTE_00009,SUP_00011,22924.6,66.92,3.3,2.0
100782,2026-01-17 12:33:00,DRV_00048,VEH_00054,RTE_00022,SUP_00484,7009.3,9.14,8.1,3.0
100783,2026-02-09 06:50:00,DRV_00002,VEH_00052,RTE_00013,SUP_00358,22447.49,14.46,12.9,2.0
100784,2026-03-08 00:44:00,DRV_00006,VEH_00020,RTE_00025,SUP_00484,3035.14,26.31,8.1,2.0
100785,2026-01-27 07:32:00,DRV_00028,VEH_00032,RTE_00016,SUP_00101,16585.79,24.5,-0.6,1.0
100786,2026-01-01 16:55:00,DRV_00029,VEH_00014,RTE_00018,SUP_00358,22721.15,56.19,12.5,3.0
100787,2026-02-12 22:13:00,DRV_00026,VEH_00050,RTE_00019,SUP_00019,4634.36,30.14,14.1,1.0
100788,2026-01-20 05:52:00,DRV_00025,VEH_00028,RTE_00012,SUP_00018,24224.01,8.15,3.8,1.0
100789,2026-01-06 20:15:00,DRV_00012,VEH_00053,RTE_00008,SUP_00012,11595.64,15.58,11.3,3.0
100790,2026-02-13 06:12:00,DRV_00005,VEH_00024,RTE_00017,SUP_00484,23670.02,34.2,6.5,1.0
100791,2026-01-17 13:13:00,DRV_00034,VEH_00079,RTE_00015,SUP_00001,17082.09,6.35,15.8,2.0
100792,2026-01-03 21:18:00,DRV_00048,VEH_00022,RTE_00010,SUP_00019,7888.88,42.1,14.9,1.0
100793,2026-02-13 12:40:00,DRV_00037,VEH_00030,RTE_00015,SUP_00726,5113.41,21.47,19.4,3.0
100794,2026-01-15 02:29:00,DRV_00015,VEH_00063,RTE_00015,SUP_00017,7941.51,50.03,11.8,2.0
100795,2026-01-05 20:10:00,DRV_00044,VEH_00004,RTE_00727,SUP_00005,2778.93,67.2,15.7,2.0
100796,2026-02-20 07:54:00,DRV_00036,VEH_00077,RTE_00023,SUP_00003,4024.77,65.24,7.9,2.0
100797,2026-03-02 05:04:00,DRV_00015,VEH_00059,RTE_00007,SUP_00002,3064.18,67.85,4.3,2.0
100798,2026-02-02 07:40:00,DRV_00043,VEH_00008,RTE_00013,SUP_00003,10862.12,13.84,13.1,1.0
100799,2026-01-15 03:44:00,DRV_00048,VEH_00012,RTE_00017,SUP_00008,19991.67,5.13,2.4,1.0
100800,2026-01-13 12:17:00,DRV_00023,VEH_00031,RTE_00052,SUP_00016,3963.9,18.28,5.8,2.0
100801,2026-02-22 16:40:00,DRV_00006,VEH_00078,RTE_00009,SUP_00006,3692.85,63.92,15.3,3.0
100802,2026-01-07 01:02:00,DRV_00046,VEH_00034,RTE_00008,SUP_00013,16264.01,69.85,12.5,2.0
100803,2026-01-01 06:24:00,DRV_00044,VEH_00075,RTE_00020,SUP_00484,5330.98,61.17,6.1,1.0
100804,2026-01-01 06:44:00,DRV_00043,VEH_00076,RTE_00026,SUP_00358,2891.45,3.47,2.3,2.0
100805,2026-01-29 10:23:00,DRV_00045,VEH_00049,RTE_00027,SUP_00358,4587.79,67.95,5.1,1.0
100806,2026-02-03 06:46:00,DRV_00021,VEH_00079,RTE_00021,SUP_00016,23131.42,27.6,3.7,2.0
100807,2026-01-21 06:29:00,DRV_00023,VEH_00057,RTE_00018,SUP_00016,20626.05,-4.28,1.5,3.0
100808,2026-01-09 20:43:00,DRV_00043,VEH_00026,RTE_00013,SUP_00003,9174.58,29.06,12.9,2.0
100809,2026-01-13 18:24:00,DRV_00016,VEH_00018,RTE_00016,SUP_00013,16567.61,-1.45,3.0,3.0
100810,2026-02-11 17:40:00,DRV_00047,VEH_00038,RTE_00009,SUP_00014,13663.25,36.88,7.1,3.0
100811,2026-03-10 03:42:00,DRV_00015,VEH_00050,RTE_00727,SUP_00008,17089.54,21.07,5.7,2.0
100812,2026-01-07 20:20:00,DRV_00025,VEH_00008,RTE_00012,SUP_00012,17225.44,31.45,19.4,3.0
100813,2026-02-26 00:02:00,DRV_00036,VEH_00041,RTE_00012,SUP_00484,15903.98,42.21,5.8,3.0
100814,2026-02-05 03:32:00,DRV_00011,VEH_00006,RTE_00006,SUP_00484,7019.48,61.9,-0.4,1.0
100815,2026-01-17 08:54:00,DRV_00015,VEH_00069,RTE_00019,SUP_00358,1455.66,45.97,-0.2,1.0
100816,2026-01-17 08:04:00,DRV_00004,VEH_00044,RTE_00028,SUP_00548,11661.39,15.33,9.8,3.0
100817,2026-02-18 00:52:00,DRV_00021,VEH_00064,RTE_00007,SUP_00008,22328.86,58.1,10.0,2.0
100818,2026-01-08 13:56:00,DRV_00013,VEH_00029,RTE_00025,SUP_00548,14452.68,51.76,6.4,3.0
100819,2026-01-04 08:09:00,DRV_00022,VEH_00028,RTE_00003,SUP_00009,20893.58,4.22,6.6,2.0
100820,2026-01-23 08:41:00,DRV_00019,VEH_00011,RTE_00016,SUP_00001,24794.8,35.96,-0.9,1.0
100821,2026-02-07 00:50:00,DRV_00034,VEH_00065,RTE_00018,SUP_00006,4508.6,16.91,8.3,2.0
100822,2026-01-10 08:16:00,DRV_00014,VEH_00019,RTE_00016,SUP_00484,17448.55,-1.38,8.1,3.0
100823,2026-02-09 03:57:00,DRV_00004,VEH_00009,RTE_00023,SUP_00019,17020.19,46.48,1.0,3.0
100824,2026-01-27 22:05:00,DRV_00048,VEH_00027,RTE_00007,SUP_00484,24508.91,61.43,0.1,3.0
100825,2026-01-25 04:16:00,DRV_00046,VEH_00034,RTE_00004,SUP_00011,24647.22,7.54,18.6,3.0
100826,2026-02-01 07:46:00,DRV_00027,VEH_00044,RTE_00027,SUP_00011,17323.63,57.56,18.6,3.0
100827,2026-02-07 10:52:00,DRV_00029,VEH_00068,RTE_00025,SUP_00484,6468.56,60.71,10.2,2.0
100828,2026-01-12 21:00:00,DRV_00047,VEH_00015,RTE_00052,SUP_00013,20064.62,65.4,1.9,3.0
100829,2026-02-09 15:31:00,DRV_00028,VEH_00051,RTE_01007,SUP_00011,3122.21,15.43,3.0,1.0
100830,2026-01-16 05:49:00,DRV_00035,VEH_00013,RTE_00008,SUP_00018,19627.13,64.6,1.5,3.0
100831,2026-02-18 16:00:00,DRV_00008,VEH_00049,RTE_00013,SUP_00484,22799.81,19.69,17.2,2.0
100832,2026-01-27 05:04:00,DRV_00016,VEH_00070,RTE_00013,SUP_00015,9879.42,37.53,15.1,3.0
100833,2026-02-01 15:03:00,DRV_00042,VEH_00056,RTE_00017,SUP_00001,15950.56,-1.11,2.6,3.0
100834,2026-03-06 00:33:00,DRV_00036,VEH_00076,RTE_00017,SUP_00548,11038.5,38.26,4.6,2.0
100835,2026-01-26 03:07:00,DRV_00030,VEH_00051,RTE_00005,SUP_00007,11225.24,50.47,2.2,3.0
100836,2026-01-06 00:39:00,DRV_00018,VEH_00037,RTE_00006,SUP_00484,8104.09,29.22,7.8,2.0
100837,2026-01-11 01:29:00,DRV_00002,VEH_00017,RTE_00019,SUP_00013,19172.18,14.73,-1.6,3.0
100838,2026-02-10 06:57:00,DRV_00049,VEH_00058,RTE_00013,SUP_00012,23436.33,9.66,11.4,1.0
100839,2026-02-12 23:17:00,DRV_00013,VEH_00029,RTE_00025,SUP_00018,23548.4,46.59,8.5,3.0
100840,2026-01-30 22:45:00,DRV_00004,VEH_00033,RTE_00028,SUP_00101,4782.14,-4.97,16.0,2.0
100841,2026-02-04 16:02:00,DRV_00026,VEH_00060,RTE_00026,SUP_00019,21931.22,57.05,1.3,1.0
100842,2026-03-07 07:54:00,DRV_00025,VEH_00055,RTE_00014,SUP_00015,18567.07,1.1,14.1,2.0
100843,2026-01-23 06:09:00,DRV_00030,VEH_00010,RTE_00727,SUP_00008,6694.52,9.74,13.8,3.0
100844,2026-01-26 18:51:00,DRV_00011,VEH_00047,RTE_00022,SUP_00019,2148.47,24.74,0.5,1.0
100845,2026-01-30 19:44:00,DRV_00007,VEH_00023,RTE_00004,SUP_00010,7065.93,32.33,6.0,2.0
100846,2026-02-21 08:43:00,DRV_00031,VEH_00021,RTE_00028,SUP_00007,22849.1,22.33,1.4,1.0
100847,2026-01-17 20:45:00,DRV_00044,VEH_00013,RTE_00007,SUP_00018,16012.88,19.69,3.1,1.0
100848,2026-01-27 03:06:00,DRV_00010,VEH_00033,RTE_00008,SUP_00016,18165.84,69.22,18.6,2.0
100849,2026-01-30 17:28:00,DRV_00039,VEH_00024,RTE_00025,SUP_00726,6800.23,24.17,9.1,1.0
100850,2026-03-03 10:24:00,DRV_00013,VEH_00011,RTE_00013,SUP_00006,18125.01,-3.2,6.2,2.0
100851,2026-02-07 09:51:00,DRV_00031,VEH_00017,RTE_00052,SUP_00009,1188.98,28.12,17.0,1.0
100852,2026-01-14 07:58:00,DRV_00007,VEH_00068,RTE_00027,SUP_00548,9695.37,40.17,0.5,1.0
100853,2026-01-14 17:18:00,DRV_00049,VEH_00047,RTE_00006,SUP_00013,15855.46,18.21,17.5,1.0
100854,2026-01-11 14:14:00,DRV_00042,VEH_00025,RTE_00727,SUP_00548,4079.37,45.23,2.6,3.0
100855,2026-01-31 17:18:00,DRV_00042,VEH_00073,RTE_00006,SUP_00008,20663.59,53.4,13.5,3.0
100856,2026-01-01 20:52:00,DRV_00036,VEH_00021,RTE_00024,SUP_00016,6258.27,41.66,4.8,2.0
100857,2026-01-28 14:44:00,DRV_00020,VEH_00012,RTE_00028,SUP_00013,16480.89,38.91,0.9,1.0
100858,2026-02-23 23:09:00,DRV_00004,VEH_00037,RTE_00021,SUP_00013,10427.33,-0.87,15.2,2.0
100859,2026-01-27 00:01:00,DRV_00007,VEH_00042,RTE_01007,SUP_00017,15103.07,5.82,4.2,3.0
100860,2026-03-06 01:14:00,DRV_00001,VEH_00017,RTE_00003,SUP_00484,3132.54,42.94,11.2,3.0
100861,2026-02-07 06:42:00,DRV_00044,VEH_00048,RTE_00028,SUP_00726,914.36,15.86,18.6,3.0
100862,2026-02-11 07:34:00,DRV_00045,VEH_00028,RTE_00003,SUP_00005,22784.33,33.81,18.6,3.0
100863,2026-02-26 11:17:00,DRV_00042,VEH_00041,RTE_00013,SUP_00358,7105.94,36.96,7.9,2.0
100864,2026-02-15 06:55:00,DRV_00047,VEH_00047,RTE_00022,SUP_00548,20582.09,34.42,12.6,1.0
100865,2026-02-24 13:47:00,DRV_00013,VEH_00018,RTE_00002,SUP_00017,24984.08,68.03,-1.5,2.0
100866,2026-01-05 19:49:00,DRV_00022,VEH_00078,RTE_00016,SUP_00009,5680.07,59.87,11.4,1.0
100867,2026-02-08 11:13:00,DRV_00021,VEH_00071,RTE_00022,SUP_00002,6996.68,50.62,15.9,3.0
100868,2026-02-21 01:53:00,DRV_00022,VEH_00013,RTE_00052,SUP_00018,16740.06,1.01,-0.8,1.0
100869,2026-01-05 19:41:00,DRV_00028,VEH_00013,RTE_00029,SUP_00009,24153.49,3.17,0.8,3.0
100870,2026-01-19 00:14:00,DRV_00009,VEH_00031,RTE_00006,SUP_00006,22937.45,32.94,12.3,2.0
100871,2026-01-17 05:46:00,DRV_00026,VEH_00002,RTE_00008,SUP_00011,12820.45,7.37,6.7,1.0
100872,2026-02-12 23:26:00,DRV_00009,VEH_00016,RTE_00023,SUP_00006,19980.2,70.33,6.1,2.0
100873,2026-02-22 14:25:00,DRV_00015,VEH_00009,RTE_00008,SUP_00006,3825.77,7.21,18.6,3.0
100874,2026-02-27 19:31:00,DRV_00010,VEH_00073,RTE_01007,SUP_00013,24447.24,32.54,8.1,2.0
100875,2026-03-07 14:16:00,DRV_00024,VEH_00038,RTE_00025,SUP_00011,24126.65,23.04,0.5,3.0
100876,2026-02-07 02:13:00,DRV_00042,VEH_00075,RTE_00006,SUP_00014,4511.36,44.23,7.5,3.0
100877,2026-02-09 10:40:00,DRV_00008,VEH_00054,RTE_00014,SUP_00002,7835.87,4.94,19.4,3.0
100878,2026-03-09 12:39:00,DRV_00024,VEH_00056,RTE_00052,SUP_00008,2953.8,28.13,19.4,2.0
100879,2026-01-30 09:18:00,DRV_00016,VEH_00045,RTE_00003,SUP_00003,7157.08,16.15,7.6,2.0
100880,2026-02-18 17:33:00,DRV_00049,VEH_00034,RTE_00010,SUP_00484,20490.92,63.36,17.8,1.0
100881,2026-02-18 21:10:00,DRV_00026,VEH_00009,RTE_00003,SUP_00548,9768.73,20.2,11.7,1.0
100882,2026-02-06 08:09:00,DRV_00027,VEH_00008,RTE_00052,SUP_00003,2665.73,65.36,18.6,2.0
100883,2026-01-30 22:08:00,DRV_00037,VEH_00007,RTE_00027,SUP_00001,8884.53,59.14,6.3,2.0
100884,2026-01-28 15:31:00,DRV_00004,VEH_00036,RTE_00012,SUP_00101,24543.89,17.91,13.4,2.0
100885,2026-02-08 12:39:00,DRV_00024,VEH_00018,RTE_00017,SUP_00019,15927.25,55.78,-1.2,2.0
100886,2026-03-01 07:12:00,DRV_00019,VEH_00003,RTE_00027,SUP_00018,10695.94,-2.6,0.5,3.0
100887,2026-03-02 16:09:00,DRV_00036,VEH_00028,RTE_00727,SUP_00017,4580.19,69.45,2.1,3.0
100888,2026-01-14 20:43:00,DRV_00039,VEH_00070,RTE_00029,SUP_00726,24661.33,37.1,6.0,3.0
100889,2026-02-08 06:43:00,DRV_00010,VEH_00044,RTE_00727,SUP_00101,20610.8,18.35,14.9,2.0
100890,2026-03-06 09:05:00,DRV_00025,VEH_00021,RTE_00005,SUP_00013,7396.19,22.92,4.9,3.0
100891,2026-02-21 00:37:00,DRV_00018,VEH_00028,RTE_01007,SUP_00003,2216.68,0.11,11.1,3.0
100892,2026-01-10 23:48:00,DRV_00019,VEH_00054,RTE_00020,SUP_00001,1887.33,71.18,18.6,1.0
100893,2026-01-04 20:49:00,DRV_00036,VEH_00054,RTE_00025,SUP_00004,3449.26,-1.97,9.7,1.0
100894,2026-02-18 11:56:00,DRV_00010,VEH_00065,RTE_00727,SUP_00013,14728.83,45.43,5.1,3.0
100895,2026-01-26 09:46:00,DRV_00033,VEH_00021,RTE_00009,SUP_00017,23254.7,29.09,18.6,3.0
100896,2026-01-09 08:15:00,DRV_00005,VEH_00013,RTE_00727,SUP_00011,12670.21,68.07,4.8,3.0
100897,2026-02-01 06:02:00,DRV_00047,VEH_00057,RTE_01007,SUP_00002,21152.16,13.94,-0.3,2.0
100898,2026-01-05 08:14:00,DRV_00049,VEH_00049,RTE_00021,SUP_00016,11424.22,35.97,17.9,1.0
100899,2026-01-12 21:44:00,DRV_00035,VEH_00054,RTE_00026,SUP_00002,17860.3,32.14,0.5,1.0
100900,2026-01-17 19:34:00,DRV_00044,VEH_00010,RTE_00020,SUP_00019,18430.88,49.12,-0.6,1.0
100901,2026-02-26 01:19:00,DRV_00034,VEH_00053,RTE_00007,SUP_00484,4762.11,0.24,15.6,3.0
100902,2026-02-19 20:14:00,DRV_00033,VEH_00044,RTE_00727,SUP_00019,9349.79,9.92,4.0,2.0
100903,2026-01-05 05:30:00,DRV_00021,VEH_00047,RTE_00022,SUP_00016,16113.9,11.52,11.0,1.0
100904,2026-01-09 01:57:00,DRV_00017,VEH_00053,RTE_00004,SUP_00358,2232.07,51.84,4.6,1.0
100905,2026-01-16 13:35:00,DRV_00022,VEH_00074,RTE_00013,SUP_00019,9357.73,9.56,5.8,2.0
100906,2026-01-17 17:11:00,DRV_00048,VEH_00046,RTE_00013,SUP_00009,13602.59,39.16,3.2,3.0
100907,2026-02-10 10:43:00,DRV_00037,VEH_00013,RTE_00727,SUP_00001,24907.5,11.57,4.9,3.0
100908,2026-01-29 15:20:00,DRV_00015,VEH_00037,RTE_00010,SUP_00010,12126.07,61.35,18.6,1.0
100909,2026-02-28 04:47:00,DRV_00035,VEH_00024,RTE_00018,SUP_00019,20493.39,67.55,12.4,1.0
100910,2026-01-24 05:14:00,DRV_00028,VEH_00002,RTE_00017,SUP_00001,11085.65,34.92,8.2,2.0
100911,2026-02-18 10:04:00,DRV_00007,VEH_00014,RTE_00020,SUP_00002,20011.57,22.13,16.9,1.0
100912,2026-02-22 13:37:00,DRV_00032,VEH_00010,RTE_00020,SUP_00016,15087.66,13.02,-1.2,2.0
100913,2026-01-20 22:52:00,DRV_00011,VEH_00035,RTE_00013,SUP_00012,22221.59,-1.17,8.1,1.0
100914,2026-01-08 20:34:00,DRV_00010,VEH_00025,RTE_00017,SUP_00008,10568.09,15.67,9.7,1.0
100915,2026-01-17 15:14:00,DRV_00009,VEH_00003,RTE_00022,SUP_00484,15305.46,45.38,16.4,1.0
100916,2026-02-09 15:48:00,DRV_00014,VEH_00017,RTE_00004,SUP_00018,15935.46,36.09,-1.0,3.0
100917,2026-03-02 10:44:00,DRV_00013,VEH_00012,RTE_00001,SUP_00002,10725.88,67.69,9.5,2.0
100918,2026-03-02 18:25:00,DRV_00025,VEH_00054,RTE_00001,SUP_00013,4035.65,25.51,15.1,2.0
100919,2026-01-26 11:08:00,DRV_00002,VEH_00024,RTE_00015,SUP_00006,2792.21,48.43,2.8,3.0
100920,2026-01-17 00:21:00,DRV_00035,VEH_00029,RTE_00013,SUP_00548,908.45,19.63,19.4,3.0
100921,2026-02-25 00:52:00,DRV_00007,VEH_00043,RTE_00017,SUP_00006,21901.59,34.47,-1.6,3.0
100922,2026-01-28 14:29:00,DRV_00021,VEH_00025,RTE_00024,SUP_00009,6293.64,15.62,18.6,2.0
100923,2026-01-12 17:47:00,DRV_00018,VEH_00060,RTE_00026,SUP_00016,5681.92,30.03,16.7,1.0
100924,2026-01-14 00:57:00,DRV_00003,VEH_00065,RTE_00008,SUP_00011,18532.87,31.25,11.1,3.0
100925,2026-03-06 17:49:00,DRV_00042,VEH_00028,RTE_00018,SUP_00007,8340.39,49.41,6.8,3.0
100926,2026-02-05 22:25:00,DRV_00039,VEH_00016,RTE_00027,SUP_00010,12898.09,67.43,-1.5,3.0
100927,2026-03-05 19:05:00,DRV_00041,VEH_00047,RTE_00013,SUP_00010,4481.52,20.36,16.4,1.0
100928,2026-02-26 19:38:00,DRV_00049,VEH_00058,RTE_00023,SUP_00726,24013.77,19.47,7.4,1.0
100929,2026-01-17 09:44:00,DRV_00011,VEH_00076,RTE_00014,SUP_00018,21363.74,33.21,-1.4,3.0
100930,2026-01-17 04:41:00,DRV_00039,VEH_00027,RTE_00008,SUP_00101,21662.85,36.92,11.8,1.0
100931,2026-01-08 06:48:00,DRV_00024,VEH_00053,RTE_00008,SUP_00726,10465.96,45.34,7.6,3.0
100932,2026-01-16 16:14:00,DRV_00046,VEH_00042,RTE_00027,SUP_00009,19177.85,53.56,0.5,1.0
100933,2026-01-04 15:20:00,DRV_00019,VEH_00059,RTE_00026,SUP_00015,4024.97,70.84,2.3,2.0
100934,2026-01-31 00:21:00,DRV_00004,VEH_00047,RTE_00015,SUP_00004,711.17,67.82,-0.7,2.0
100935,2026-01-08 06:38:00,DRV_00026,VEH_00034,RTE_00027,SUP_00008,989.34,10.18,9.5,1.0
100936,2026-02-08 15:25:00,DRV_00038,VEH_00037,RTE_00013,SUP_00009,14871.74,62.4,10.4,2.0
100937,2026-01-14 09:02:00,DRV_00042,VEH_00006,RTE_00007,SUP_00013,11657.18,49.25,8.1,2.0
100938,2026-02-06 15:56:00,DRV_00032,VEH_00007,RTE_00005,SUP_00009,13191.38,29.95,14.3,2.0
100939,2026-01-04 01:52:00,DRV_00039,VEH_00025,RTE_00017,SUP_00004,682.85,36.63,15.2,3.0
100940,2026-03-08 03:37:00,DRV_00045,VEH_00033,RTE_00028,SUP_00017,10855.82,60.42,18.6,1.0
100941,2026-02-14 15:31:00,DRV_00046,VEH_00055,RTE_00025,SUP_00016,18092.67,31.97,-1.7,1.0
100942,2026-02-24 22:24:00,DRV_00036,VEH_00058,RTE_00029,SUP_00015,11346.0,23.74,11.9,1.0
100943,2026-02-11 05:59:00,DRV_00040,VEH_00007,RTE_00016,SUP_00003,18439.37,32.98,6.4,2.0
100944,2026-02-25 08:34:00,DRV_00037,VEH_00057,RTE_00023,SUP_00726,6208.96,19.76,9.3,3.0
100945,2026-02-05 00:28:00,DRV_00033,VEH_00012,RTE_00002,SUP_00005,20421.98,9.56,11.0,1.0
100946,2026-03-02 22:11:00,DRV_00036,VEH_00016,RTE_00022,SUP_00484,14916.57,64.37,5.0,2.0
100947,2026-01-01 05:02:00,DRV_00003,VEH_00043,RTE_00018,SUP_00005,5663.7,46.91,16.3,3.0
100948,2026-02-27 07:58:00,DRV_00009,VEH_00077,RTE_00727,SUP_00726,6299.65,21.2,0.7,3.0
100949,2026-01-01 00:55:00,DRV_00008,VEH_00007,RTE_00017,SUP_00015,15886.75,2.66,11.4,1.0
100950,2026-01-07 01:17:00,DRV_00033,VEH_00051,RTE_01007,SUP_00018,20833.52,41.52,-1.9,1.0
100951,2026-01-20 22:19:00,DRV_00006,VEH_00073,RTE_00007,SUP_00015,10682.88,4.31,16.5,2.0
100952,2026-02-21 04:06:00,DRV_00041,VEH_00032,RTE_00013,SUP_00002,6828.36,1.06,0.3,1.0
100953,2026-02-16 23:41:00,DRV_00039,VEH_00075,RTE_00052,SUP_00013,21741.78,35.6,-0.1,2.0
100954,2026-01-31 17:27:00,DRV_00004,VEH_00008,RTE_00018,SUP_00004,16897.07,26.01,4.7,3.0
100955,2026-01-12 15:08:00,DRV_00013,VEH_00072,RTE_00029,SUP_00010,11478.09,40.34,5.5,3.0
100956,2026-01-04 05:01:00,DRV_00049,VEH_00045,RTE_00014,SUP_00013,12453.55,1.87,2.3,3.0
100957,2026-01-11 10:34:00,DRV_00002,VEH_00059,RTE_01007,SUP_00010,5504.28,28.19,9.7,3.0
100958,2026-01-04 13:26:00,DRV_00005,VEH_00004,RTE_00018,SUP_00009,15856.66,8.46,6.9,1.0
100959,2026-01-04 13:22:00,DRV_00044,VEH_00067,RTE_00013,SUP_00008,9289.19,71.01,-1.3,1.0
100960,2026-01-13 12:30:00,DRV_00027,VEH_00029,RTE_00011,SUP_00003,24893.31,38.21,4.4,2.0
100961,2026-02-27 12:38:00,DRV_00032,VEH_00029,RTE_00021,SUP_00016,12264.5,47.93,14.2,2.0
100962,2026-02-28 19:57:00,DRV_00021,VEH_00028,RTE_01007,SUP_00014,12404.2,20.06,11.8,2.0
100963,2026-02-08 15:38:00,DRV_00008,VEH_00077,RTE_00021,SUP_00009,14363.37,2.29,12.5,2.0
100964,2026-01-27 19:58:00,DRV_00038,VEH_00079,RTE_00016,SUP_00548,22960.52,48.95,12.0,2.0
100965,2026-02-16 13:47:00,DRV_00008,VEH_00044,RTE_00023,SUP_00011,20120.04,17.04,4.2,3.0
100966,2026-03-03 17:09:00,DRV_00003,VEH_00004,RTE_00017,SUP_00003,11552.69,27.63,-0.0,3.0
100967,2026-01-25 01:54:00,DRV_00044,VEH_00009,RTE_00008,SUP_00005,18108.13,45.04,3.4,3.0
100968,2026-01-25 21:34:00,DRV_00003,VEH_00005,RTE_00019,SUP_00010,14862.77,-3.1,14.6,2.0
100969,2026-02-02 03:11:00,DRV_00022,VEH_00056,RTE_00020,SUP_00013,12562.99,57.39,17.6,3.0
100970,2026-02-21 04:08:00,DRV_00006,VEH_00050,RTE_00015,SUP_00004,5211.74,36.32,7.9,3.0
100971,2026-01-27 17:58:00,DRV_00002,VEH_00075,RTE_00009,SUP_00101,11866.44,16.42,-1.8,3.0
100972,2026-01-08 03:07:00,DRV_00023,VEH_00015,RTE_00020,SUP_00013,6522.56,-0.26,0.8,3.0
100973,2026-03-05 01:45:00,DRV_00044,VEH_00032,RTE_00010,SUP_00012,22913.63,7.51,4.4,1.0
100974,2026-01-01 17:42:00,DRV_00002,VEH_00028,RTE_00012,SUP_00005,8717.47,63.92,9.6,2.0
100975,2026-02-05 00:48:00,DRV_00038,VEH_00022,RTE_00727,SUP_00010,23830.47,47.82,-0.5,2.0
100976,2026-03-08 07:02:00,DRV_00017,VEH_00017,RTE_00021,SUP_00101,13559.85,14.24,16.9,1.0
100977,2026-01-05 07:49:00,DRV_00035,VEH_00059,RTE_00023,SUP_00009,15972.84,0.05,5.3,3.0
100978,2026-02-09 10:33:00,DRV_00034,VEH_00071,RTE_00052,SUP_00726,13802.04,22.69,16.3,3.0
100979,2026-02-03 06:35:00,DRV_00023,VEH_00057,RTE_00020,SUP_00007,3669.83,39.08,13.6,3.0
100980,2026-01-04 05:12:00,DRV_00030,VEH_00026,RTE_01007,SUP_00002,9707.62,26.15,13.1,2.0
100981,2026-01-03 11:56:00,DRV_00008,VEH_00025,RTE_00001,SUP_00358,2929.08,23.0,10.1,2.0
100982,2026-01-05 06:48:00,DRV_00022,VEH_00010,RTE_00025,SUP_00101,15762.37,11.69,10.5,2.0
100983,2026-01-06 06:01:00,DRV_00044,VEH_00045,RTE_00020,SUP_00484,11448.42,46.56,10.8,2.0
100984,2026-02-21 05:54:00,DRV_00036,VEH_00011,RTE_00009,SUP_00007,19560.63,69.74,10.6,2.0
100985,2026-02-27 01:12:00,DRV_00005,VEH_00077,RTE_00022,SUP_00008,5901.53,8.53,9.1,1.0
100986,2026-01-19 13:34:00,DRV_00013,VEH_00053,RTE_00015,SUP_00007,4531.87,40.98,17.7,2.0
100987,2026-01-05 10:11:00,DRV_00029,VEH_00072,RTE_00001,SUP_00548,10455.14,24.95,12.6,3.0
100988,2026-01-19 02:29:00,DRV_00031,VEH_00068,RTE_00012,SUP_00484,23201.34,29.4,13.5,2.0
100989,2026-02-25 11:45:00,DRV_00047,VEH_00028,RTE_00003,SUP_00014,17905.33,14.57,15.4,1.0
100990,2026-01-09 23:10:00,DRV_00016,VEH_00075,RTE_00011,SUP_00019,10763.63,58.54,2.3,3.0
100991,2026-02-21 00:39:00,DRV_00042,VEH_00065,RTE_00002,SUP_00005,13173.17,32.36,-0.3,1.0
100992,2026-02-23 23:35:00,DRV_00030,VEH_00049,RTE_00016,SUP_00484,2563.22,36.84,7.7,3.0
100993,2026-02-26 10:24:00,DRV_00016,VEH_00047,RTE_00009,SUP_00018,24622.11,18.47,8.3,2.0
100994,2026-01-17 03:55:00,DRV_00012,VEH_00052,RTE_00052,SUP_00726,16826.98,39.67,14.6,1.0
100995,2026-02-20 04:34:00,DRV_00017,VEH_00054,RTE_00015,SUP_00012,7492.4,1.62,6.9,3.0
100996,2026-02-26 13:29:00,DRV_00016,VEH_00060,RTE_00012,SUP_00484,14852.31,49.99,9.4,2.0
100997,2026-02-11 16:04:00,DRV_00012,VEH_00057,RTE_00001,SUP_00017,3182.32,10.11,8.5,3.0
100998,2026-02-13 17:41:00,DRV_00008,VEH_00047,RTE_00013,SUP_00013,24163.0,48.14,18.6,1.0
100999,2026-02-28 18:59:00,DRV_00020,VEH_00031,RTE_00014,SUP_00002,4782.23,25.06,10.3,1.0
101000,2026-02-07 21:13:00,DRV_00003,VEH_00046,RTE_00025,SUP_00013,16376.74,27.01,14.6,1.0
101001,2026-02-03 15:27:00,DRV_00016,VEH_00026,RTE_00025,SUP_00007,6513.63,31.13,1.2,1.0
101002,2026-01-24 23:29:00,DRV_00030,VEH_00005,RTE_00008,SUP_00010,18080.25,23.31,9.9,2.0
101003,2026-02-22 13:43:00,DRV_00045,VEH_00052,RTE_00008,SUP_00484,19532.12,2.75,9.9,3.0
101004,2026-02-22 20:10:00,DRV_00023,VEH_00075,RTE_00027,SUP_00006,16998.78,18.84,1.3,2.0
101005,2026-01-12 23:40:00,DRV_00028,VEH_00054,RTE_01007,SUP_00003,15555.24,46.11,0.5,1.0
101006,2026-01-03 15:32:00,DRV_00040,VEH_00033,RTE_00012,SUP_00003,22365.49,46.27,17.6,3.0
101007,2026-01-20 11:04:00,DRV_00005,VEH_00050,RTE_00001,SUP_00018,2426.35,17.04,5.9,1.0
101008,2026-02-10 17:36:00,DRV_00020,VEH_00038,RTE_00011,SUP_00011,8607.41,30.43,19.4,2.0
101009,2026-01-19 22:45:00,DRV_00040,VEH_00027,RTE_00008,SUP_00358,6583.04,9.9,1.4,2.0
101010,2026-03-06 04:36:00,DRV_00044,VEH_00015,RTE_00010,SUP_00726,24706.34,27.39,11.4,2.0
101011,2026-01-02 02:45:00,DRV_00001,VEH_00061,RTE_01007,SUP_00005,10040.05,-3.23,10.2,3.0
101012,2026-02-19 09:58:00,DRV_00030,VEH_00021,RTE_00019,SUP_00019,18449.01,64.05,10.9,3.0
101013,2026-02-20 05:03:00,DRV_00021,VEH_00046,RTE_00011,SUP_00358,17275.77,11.22,-0.2,1.0
101014,2026-01-19 20:19:00,DRV_00020,VEH_00069,RTE_00007,SUP_00019,5695.99,12.52,15.9,3.0
101015,2026-02-23 13:49:00,DRV_00006,VEH_00006,RTE_00011,SUP_00015,6355.44,16.53,18.6,3.0
101016,2026-02-08 23:38:00,DRV_00022,VEH_00038,RTE_00727,SUP_00016,7391.47,4.81,4.3,2.0
101017,2026-02-22 20:45:00,DRV_00018,VEH_00062,RTE_00017,SUP_00101,10572.62,44.22,18.6,1.0
101018,2026-01-10 15:58:00,DRV_00008,VEH_00062,RTE_00001,SUP_00009,6240.96,0.79,18.6,2.0
101019,2026-03-01 11:35:00,DRV_00039,VEH_00078,RTE_00052,SUP_00004,981.46,5.33,19.4,1.0
101020,2026-01-20 01:26:00,DRV_00032,VEH_00074,RTE_00026,SUP_00015,22045.13,44.65,16.6,1.0
101021,2026-01-10 01:26:00,DRV_00033,VEH_00046,RTE_00029,SUP_00012,24157.44,21.15,4.1,3.0
101022,2026-01-18 05:38:00,DRV_00016,VEH_00013,RTE_00021,SUP_00484,8868.47,49.51,15.3,2.0
101023,2026-01-04 00:04:00,DRV_00012,VEH_00003,RTE_00021,SUP_00003,8793.42,37.92,19.4,3.0
101024,2026-02-23 00:03:00,DRV_00038,VEH_00006,RTE_00008,SUP_00484,673.75,14.71,16.6,3.0
101025,2026-01-07 07:51:00,DRV_00034,VEH_00008,RTE_00023,SUP_00014,17166.14,45.11,18.6,3.0
101026,2026-01-27 11:10:00,DRV_00014,VEH_00044,RTE_00024,SUP_00017,20723.28,3.95,9.5,1.0
101027,2026-01-12 09:09:00,DRV_00036,VEH_00033,RTE_00006,SUP_00019,4091.9,36.3,3.5,2.0
101028,2026-01-29 18:27:00,DRV_00033,VEH_00075,RTE_00022,SUP_00006,4411.83,28.66,18.6,2.0
101029,2026-02-25 06:19:00,DRV_00023,VEH_00077,RTE_00018,SUP_00004,19857.04,15.63,-1.9,3.0
101030,2026-01-20 23:06:00,DRV_00045,VEH_00050,RTE_00006,SUP_00007,15599.12,41.51,9.3,1.0
101031,2026-03-03 00:46:00,DRV_00002,VEH_00011,RTE_00005,SUP_00019,1599.08,62.09,18.6,2.0
101032,2026-01-01 01:57:00,DRV_00041,VEH_00028,RTE_00013,SUP_00017,15752.4,71.92,4.5,2.0
101033,2026-02-28 15:51:00,DRV_00021,VEH_00070,RTE_00052,SUP_00016,8068.48,41.8,10.9,3.0
101034,2026-01-10 04:34:00,DRV_00002,VEH_00041,RTE_00019,SUP_00015,9533.77,26.16,15.0,1.0
101035,2026-02-07 02:41:00,DRV_00027,VEH_00016,RTE_00022,SUP_00358,19358.42,12.34,10.2,3.0
101036,2026-01-01 14:06:00,DRV_00009,VEH_00068,RTE_00008,SUP_00008,20367.91,14.8,15.1,2.0
101037,2026-01-08 14:34:00,DRV_00001,VEH_00048,RTE_00009,SUP_00019,10308.74,31.92,3.3,1.0
101038,2026-02-25 00:39:00,DRV_00011,VEH_00056,RTE_00017,SUP_00008,23705.25,23.28,8.4,3.0
101039,2026-02-02 07:14:00,DRV_00003,VEH_00064,RTE_00003,SUP_00018,10458.34,65.36,7.0,2.0
101040,2026-03-03 06:36:00,DRV_00023,VEH_00059,RTE_00019,SUP_00016,19409.98,23.36,-1.8,3.0
101041,2026-03-09 18:19:00,DRV_00026,VEH_00062,RTE_00011,SUP_00726,12354.99,41.5,9.1,3.0
101042,2026-01-05 11:49:00,DRV_00004,VEH_00076,RTE_00024,SUP_00019,22489.54,24.53,11.2,3.0
101043,2026-01-21 21:45:00,DRV_00018,VEH_00011,RTE_00017,SUP_00010,22740.15,59.42,9.8,1.0
101044,2026-01-30 05:41:00,DRV_00006,VEH_00018,RTE_00021,SUP_00017,2641.71,45.11,12.7,2.0
101045,2026-02-14 16:03:00,DRV_00035,VEH_00019,RTE_00019,SUP_00013,23444.09,42.29,9.4,2.0
101046,2026-03-05 20:02:00,DRV_00022,VEH_00055,RTE_00002,SUP_00013,20725.6,20.73,-0.7,2.0
101047,2026-02-10 07:47:00,DRV_00043,VEH_00026,RTE_00727,SUP_00007,19887.11,57.98,0.3,2.0
101048,2026-02-04 06:56:00,DRV_00015,VEH_00006,RTE_00008,SUP_00010,5422.33,-2.05,9.9,1.0
101049,2026-02-01 15:47:00,DRV_00022,VEH_00004,RTE_00019,SUP_00002,20225.42,62.05,3.5,3.0
101050,2026-01-26 16:16:00,DRV_00037,VEH_00029,RTE_00007,SUP_00004,21328.25,34.48,-0.4,2.0
101051,2026-02-16 22:24:00,DRV_00042,VEH_00059,RTE_00028,SUP_00006,7584.18,25.67,6.6,1.0
101052,2026-02-24 11:57:00,DRV_00012,VEH_00017,RTE_00027,SUP_00101,23830.37,33.28,9.1,3.0
101053,2026-01-30 12:53:00,DRV_00047,VEH_00043,RTE_00017,SUP_00018,1721.57,46.39,4.6,1.0
101054,2026-01-02 06:28:00,DRV_00049,VEH_00066,RTE_00006,SUP_00484,4172.78,-4.02,12.4,1.0
101055,2026-01-02 07:57:00,DRV_00042,VEH_00034,RTE_00019,SUP_00006,13670.74,62.11,10.9,2.0
101056,2026-01-15 07:38:00,DRV_00038,VEH_00008,RTE_00024,SUP_00484,14606.92,29.4,4.7,2.0
101057,2026-01-23 09:34:00,DRV_00018,VEH_00013,RTE_00006,SUP_00017,16306.18,21.41,13.1,3.0
101058,2026-02-02 21:22:00,DRV_00045,VEH_00008,RTE_00028,SUP_00014,915.74,5.64,18.6,3.0
101059,2026-01-14 23:28:00,DRV_00035,VEH_00065,RTE_00002,SUP_00101,24028.99,28.84,10.7,2.0
101060,2026-02-11 05:43:00,DRV_00030,VEH_00043,RTE_00006,SUP_00011,1592.41,33.22,9.1,1.0
101061,2026-02-15 12:25:00,DRV_00024,VEH_00039,RTE_00023,SUP_00019,4005.02,26.08,-1.8,2.0
101062,2026-02-27 01:40:00,DRV_00042,VEH_00059,RTE_00005,SUP_00002,843.36,47.26,11.9,3.0
101063,2026-03-03 01:58:00,DRV_00030,VEH_00044,RTE_00019,SUP_00003,14388.03,27.41,5.5,1.0
101064,2026-01-07 20:25:00,DRV_00014,VEH_00009,RTE_00020,SUP_00011,23340.54,69.03,16.9,1.0
101065,2026-01-02 12:59:00,DRV_00006,VEH_00037,RTE_00004,SUP_00006,16815.71,41.14,14.4,1.0
101066,2026-01-28 15:29:00,DRV_00003,VEH_00074,RTE_00022,SUP_00014,20655.11,57.18,9.8,2.0
101067,2026-01-04 16:07:00,DRV_00016,VEH_00036,RTE_00026,SUP_00019,825.39,3.42,3.0,2.0
101068,2026-01-24 21:07:00,DRV_00007,VEH_00028,RTE_00017,SUP_00016,13779.37,25.59,2.1,3.0
101069,2026-01-06 21:52:00,DRV_00014,VEH_00042,RTE_00011,SUP_00548,11759.29,16.26,4.8,1.0
101070,2026-01-01 22:22:00,DRV_00009,VEH_00043,RTE_00004,SUP_00358,12724.71,38.85,7.5,1.0
101071,2026-02-13 19:16:00,DRV_00015,VEH_00042,RTE_00026,SUP_00101,2269.22,61.31,3.9,2.0
101072,2026-01-14 08:16:00,DRV_00021,VEH_00066,RTE_00013,SUP_00007,17268.67,1.03,8.3,3.0
101073,2026-03-06 15:10:00,DRV_00035,VEH_00055,RTE_00020,SUP_00008,12828.9,0.59,1.3,3.0
101074,2026-02-25 09:27:00,DRV_00002,VEH_00072,RTE_00026,SUP_00019,19246.15,60.47,17.6,1.0
101075,2026-03-09 22:29:00,DRV_00027,VEH_00048,RTE_00052,SUP_00726,12389.62,40.25,18.6,2.0
101076,2026-01-19 11:34:00,DRV_00002,VEH_00022,RTE_00017,SUP_00016,4159.85,46.49,16.6,1.0
101077,2026-01-26 04:18:00,DRV_00035,VEH_00027,RTE_00009,SUP_00358,16382.3,36.8,16.3,2.0
101078,2026-03-07 03:09:00,DRV_00018,VEH_00067,RTE_00004,SUP_00007,4723.47,59.13,8.5,3.0
101079,2026-01-30 05:18:00,DRV_00014,VEH_00013,RTE_00023,SUP_00009,21873.67,4.63,12.5,1.0
101080,2026-02-28 00:04:00,DRV_00020,VEH_00045,RTE_00028,SUP_00013,15521.35,4.99,6.7,1.0
101081,2026-03-09 01:33:00,DRV_00018,VEH_00010,RTE_00014,SUP_00001,4351.5,37.88,10.6,1.0
101082,2026-01-09 11:39:00,DRV_00010,VEH_00009,RTE_00019,SUP_00008,24077.28,67.87,4.8,3.0
101083,2026-01-01 03:55:00,DRV_00025,VEH_00054,RTE_00026,SUP_00101,13199.95,26.95,4.0,1.0
101084,2026-01-30 19:29:00,DRV_00002,VEH_00027,RTE_00028,SUP_00358,2286.01,20.17,9.6,3.0
101085,2026-02-16 20:04:00,DRV_00025,VEH_00034,RTE_00003,SUP_00004,15857.41,41.72,18.6,2.0
101086,2026-01-06 22:47:00,DRV_00033,VEH_00001,RTE_00014,SUP_00003,6703.37,66.64,9.6,3.0
101087,2026-02-19 03:52:00,DRV_00036,VEH_00032,RTE_00008,SUP_00003,20190.49,59.44,3.7,2.0
101088,2026-02-15 10:41:00,DRV_00031,VEH_00071,RTE_00024,SUP_00358,20536.64,71.65,5.3,3.0
101089,2026-02-28 17:15:00,DRV_00014,VEH_00067,RTE_00027,SUP_00013,24484.21,-3.26,-0.3,3.0
101090,2026-02-21 04:18:00,DRV_00001,VEH_00020,RTE_00028,SUP_00008,12795.8,3.69,-1.0,1.0
101091,2026-01-04 18:15:00,DRV_00046,VEH_00035,RTE_00001,SUP_00007,11646.44,41.93,3.1,3.0
101092,2026-01-26 02:39:00,DRV_00016,VEH_00078,RTE_00010,SUP_00001,18960.15,58.18,-0.5,1.0
101093,2026-01-31 12:05:00,DRV_00046,VEH_00017,RTE_00018,SUP_00016,3745.53,16.96,0.1,2.0
101094,2026-01-05 03:11:00,DRV_00003,VEH_00018,RTE_00016,SUP_00006,13899.43,13.42,14.3,2.0
101095,2026-03-02 16:28:00,DRV_00035,VEH_00045,RTE_00008,SUP_00007,13883.07,55.6,-1.2,1.0
101096,2026-01-06 13:27:00,DRV_00041,VEH_00053,RTE_00001,SUP_00012,2692.09,-0.66,11.2,2.0
101097,2026-01-30 01:12:00,DRV_00006,VEH_00068,RTE_00727,SUP_00484,10740.61,23.44,3.5,3.0
101098,2026-02-10 16:36:00,DRV_00025,VEH_00065,RTE_00012,SUP_00009,21405.48,33.95,15.4,1.0
101099,2026-01-22 04:43:00,DRV_00013,VEH_00001,RTE_00008,SUP_00011,21475.76,38.15,7.7,1.0
101100,2026-03-03 17:01:00,DRV_00034,VEH_00058,RTE_00024,SUP_00010,2931.32,51.1,4.1,1.0
101101,2026-03-02 05:40:00,DRV_00008,VEH_00026,RTE_00016,SUP_00548,2722.66,59.08,8.4,2.0
101102,2026-01-11 18:44:00,DRV_00021,VEH_00020,RTE_00018,SUP_00001,6936.04,42.18,5.6,2.0
101103,2026-01-14 09:22:00,DRV_00034,VEH_00010,RTE_00004,SUP_00018,21931.77,40.07,18.6,3.0
101104,2026-01-17 14:50:00,DRV_00004,VEH_00059,RTE_00006,SUP_00004,3658.11,37.17,0.3,3.0
101105,2026-01-01 01:17:00,DRV_00025,VEH_00075,RTE_00012,SUP_00005,18139.92,44.32,17.9,1.0
101106,2026-01-15 07:31:00,DRV_00015,VEH_00041,RTE_00027,SUP_00009,2978.56,14.98,6.5,3.0
101107,2026-01-12 19:04:00,DRV_00004,VEH_00005,RTE_00009,SUP_00017,15766.88,1.52,18.6,2.0
101108,2026-01-10 18:20:00,DRV_00045,VEH_00065,RTE_00015,SUP_00003,9223.65,4.18,12.2,3.0
101109,2026-02-27 15:05:00,DRV_00012,VEH_00017,RTE_00016,SUP_00016,19828.39,12.29,5.3,2.0
101110,2026-02-28 08:56:00,DRV_00032,VEH_00022,RTE_00024,SUP_00005,6225.42,33.52,18.6,3.0
101111,2026-01-31 01:43:00,DRV_00032,VEH_00041,RTE_00012,SUP_00016,16160.44,59.71,18.6,2.0
101112,2026-02-11 02:47:00,DRV_00028,VEH_00068,RTE_00727,SUP_00003,6274.22,49.0,12.4,2.0
101113,2026-02-22 02:46:00,DRV_00013,VEH_00069,RTE_00024,SUP_00726,17984.68,45.46,0.1,3.0
101114,2026-01-21 08:07:00,DRV_00031,VEH_00011,RTE_00023,SUP_00015,21905.11,22.03,14.9,3.0
101115,2026-03-07 01:49:00,DRV_00014,VEH_00056,RTE_00014,SUP_00003,3606.64,26.16,12.7,2.0
101116,2026-01-28 13:51:00,DRV_00020,VEH_00051,RTE_00013,SUP_00726,21731.59,39.24,2.2,1.0
101117,2026-01-09 07:14:00,DRV_00018,VEH_00021,RTE_00025,SUP_00014,15042.59,9.77,0.9,3.0
101118,2026-02-20 22:20:00,DRV_00029,VEH_00076,RTE_00727,SUP_00016,3614.21,-0.29,4.3,2.0
101119,2026-02-20 01:41:00,DRV_00006,VEH_00026,RTE_00002,SUP_00017,10974.78,40.5,17.5,3.0
101120,2026-02-19 16:00:00,DRV_00032,VEH_00019,RTE_00003,SUP_00101,4441.08,71.17,3.1,3.0
101121,2026-03-02 11:02:00,DRV_00029,VEH_00060,RTE_00026,SUP_00726,17658.52,13.87,7.1,3.0
101122,2026-01-13 21:34:00,DRV_00043,VEH_00071,RTE_00024,SUP_00484,19092.27,-1.41,-1.4,3.0
101123,2026-01-07 09:04:00,DRV_00002,VEH_00047,RTE_01007,SUP_00018,3092.01,55.02,5.9,3.0
101124,2026-01-14 06:16:00,DRV_00023,VEH_00071,RTE_00022,SUP_00018,12900.43,14.45,18.6,1.0
101125,2026-02-17 00:48:00,DRV_00019,VEH_00026,RTE_00010,SUP_00358,20458.31,58.88,17.1,1.0
101126,2026-01-24 14:56:00,DRV_00031,VEH_00040,RTE_00009,SUP_00014,23435.99,49.2,8.3,1.0
101127,2026-01-08 19:26:00,DRV_00005,VEH_00005,RTE_00026,SUP_00018,13081.19,67.82,18.6,2.0
101128,2026-02-01 15:18:00,DRV_00019,VEH_00021,RTE_00020,SUP_00015,23781.84,26.49,19.4,1.0
101129,2026-01-13 18:21:00,DRV_00034,VEH_00078,RTE_00052,SUP_00015,13624.38,45.97,-1.2,1.0
101130,2026-01-26 07:35:00,DRV_00010,VEH_00004,RTE_00008,SUP_00006,10157.67,30.79,4.3,2.0
101131,2026-03-06 01:43:00,DRV_00025,VEH_00023,RTE_00010,SUP_00015,21280.98,43.56,9.5,1.0
101132,2026-01-03 18:58:00,DRV_00002,VEH_00015,RTE_00019,SUP_00018,12578.08,29.62,17.0,3.0
101133,2026-01-08 20:22:00,DRV_00011,VEH_00008,RTE_00003,SUP_00004,12061.61,9.52,15.2,1.0
101134,2026-02-16 21:06:00,DRV_00031,VEH_00041,RTE_00024,SUP_00484,12512.66,34.11,2.6,1.0
101135,2026-01-29 13:57:00,DRV_00015,VEH_00019,RTE_00005,SUP_00008,21246.23,35.7,19.4,1.0
101136,2026-02-08 03:17:00,DRV_00009,VEH_00046,RTE_00003,SUP_00015,20882.57,57.42,2.0,3.0
101137,2026-03-06 09:38:00,DRV_00023,VEH_00028,RTE_00026,SUP_00003,10386.24,51.64,16.4,3.0
101138,2026-03-09 02:46:00,DRV_00019,VEH_00068,RTE_00027,SUP_00015,8665.85,46.11,15.1,3.0
101139,2026-02-27 17:22:00,DRV_00009,VEH_00015,RTE_00016,SUP_00013,12552.24,3.73,13.5,3.0
101140,2026-01-18 00:39:00,DRV_00035,VEH_00037,RTE_00017,SUP_00009,14532.93,50.49,5.9,2.0
101141,2026-03-09 05:29:00,DRV_00021,VEH_00001,RTE_00015,SUP_00002,6339.26,33.52,8.1,3.0
101142,2026-03-02 18:07:00,DRV_00009,VEH_00067,RTE_00003,SUP_00101,19951.9,63.85,7.3,3.0
101143,2026-02-09 10:59:00,DRV_00028,VEH_00024,RTE_00012,SUP_00008,12418.83,65.83,3.1,3.0
101144,2026-02-26 04:30:00,DRV_00046,VEH_00027,RTE_00009,SUP_00726,8684.12,42.14,8.1,3.0
101145,2026-02-19 12:44:00,DRV_00007,VEH_00040,RTE_00021,SUP_00017,3117.11,58.19,-1.4,2.0
101146,2026-01-04 18:08:00,DRV_00016,VEH_00063,RTE_00012,SUP_00013,6351.71,-2.1,0.6,1.0
101147,2026-02-11 05:39:00,DRV_00016,VEH_00061,RTE_00026,SUP_00001,23757.39,23.27,15.7,1.0
101148,2026-01-18 09:33:00,DRV_00033,VEH_00036,RTE_00015,SUP_00002,7974.94,36.76,19.4,3.0
101149,2026-01-07 13:26:00,DRV_00004,VEH_00024,RTE_00002,SUP_00015,4637.05,6.4,6.5,3.0
101150,2026-01-01 15:22:00,DRV_00004,VEH_00024,RTE_00023,SUP_00012,11786.48,52.47,8.3,3.0
101151,2026-03-10 13:23:00,DRV_00039,VEH_00004,RTE_00727,SUP_00014,8023.65,-4.36,5.4,1.0
101152,2026-02-05 15:56:00,DRV_00040,VEH_00067,RTE_00018,SUP_00002,1361.4,7.98,12.8,1.0
101153,2026-01-08 11:49:00,DRV_00017,VEH_00034,RTE_00020,SUP_00018,8417.06,39.72,19.4,3.0
101154,2026-03-09 20:40:00,DRV_00037,VEH_00057,RTE_00012,SUP_00358,13830.66,50.01,13.3,1.0
101155,2026-02-16 06:56:00,DRV_00039,VEH_00049,RTE_00023,SUP_00007,14016.95,65.58,12.5,2.0
101156,2026-01-31 13:48:00,DRV_00029,VEH_00053,RTE_00004,SUP_00484,9235.69,49.32,2.1,3.0
101157,2026-02-14 18:44:00,DRV_00036,VEH_00023,RTE_00023,SUP_00006,11458.92,46.73,4.8,3.0
101158,2026-01-23 07:54:00,DRV_00038,VEH_00069,RTE_00016,SUP_00014,24155.19,25.36,7.4,2.0
101159,2026-02-27 13:10:00,DRV_00039,VEH_00053,RTE_00023,SUP_00008,9745.04,-4.9,4.6,2.0
101160,2026-01-02 14:56:00,DRV_00037,VEH_00062,RTE_00016,SUP_00358,6826.56,4.25,13.1,1.0
101161,2026-02-17 01:39:00,DRV_00035,VEH_00041,RTE_00001,SUP_00002,6464.94,36.16,4.6,2.0
101162,2026-01-14 05:09:00,DRV_00007,VEH_00057,RTE_00022,SUP_00017,11715.23,46.99,0.8,3.0
101163,2026-02-11 02:41:00,DRV_00027,VEH_00060,RTE_00025,SUP_00005,19108.24,27.14,6.0,1.0
101164,2026-01-23 09:45:00,DRV_00028,VEH_00054,RTE_00002,SUP_00014,5546.71,51.26,17.6,2.0
101165,2026-01-31 11:12:00,DRV_00022,VEH_00070,RTE_01007,SUP_00101,17877.76,35.18,2.5,1.0
101166,2026-02-02 01:57:00,DRV_00014,VEH_00057,RTE_00003,SUP_00726,1018.17,45.77,10.2,1.0
101167,2026-02-08 07:40:00,DRV_00007,VEH_00010,RTE_00026,SUP_00548,10763.86,59.12,6.7,1.0
101168,2026-01-17 11:10:00,DRV_00037,VEH_00040,RTE_00021,SUP_00548,19508.69,32.02,-0.6,1.0
101169,2026-01-21 11:26:00,DRV_00022,VEH_00007,RTE_00025,SUP_00358,8798.96,50.82,7.8,2.0
101170,2026-02-19 22:27:00,DRV_00005,VEH_00038,RTE_00020,SUP_00003,14311.56,63.9,12.0,3.0
101171,2026-02-19 22:15:00,DRV_00002,VEH_00061,RTE_00017,SUP_00005,5521.99,4.05,18.6,3.0
101172,2026-02-14 17:55:00,DRV_00027,VEH_00003,RTE_00020,SUP_00016,18678.89,71.25,15.4,2.0
101173,2026-01-29 05:11:00,DRV_00021,VEH_00051,RTE_00022,SUP_00018,1780.84,11.12,3.8,3.0
101174,2026-01-14 23:03:00,DRV_00038,VEH_00047,RTE_00021,SUP_00017,21387.29,-4.09,-0.3,1.0
101175,2026-02-14 23:32:00,DRV_00015,VEH_00068,RTE_01007,SUP_00011,5355.81,71.8,16.7,1.0
101176,2026-01-10 23:42:00,DRV_00021,VEH_00076,RTE_00029,SUP_00017,21922.75,16.64,5.6,1.0
101177,2026-02-28 12:51:00,DRV_00010,VEH_00038,RTE_00001,SUP_00016,9136.97,46.44,9.5,2.0
101178,2026-01-03 14:36:00,DRV_00023,VEH_00036,RTE_00020,SUP_00484,18205.75,8.6,13.8,1.0
101179,2026-01-15 07:29:00,DRV_00039,VEH_00041,RTE_00006,SUP_00002,8321.02,39.68,4.5,1.0
101180,2026-01-12 10:38:00,DRV_00005,VEH_00069,RTE_00029,SUP_00004,22694.84,64.61,12.3,2.0
101181,2026-01-28 13:06:00,DRV_00001,VEH_00013,RTE_00015,SUP_00548,3602.61,16.15,0.7,1.0
101182,2026-02-22 13:23:00,DRV_00013,VEH_00058,RTE_00026,SUP_00007,4873.73,46.61,3.8,1.0
101183,2026-03-10 19:37:00,DRV_00021,VEH_00050,RTE_00026,SUP_00002,12579.24,9.47,18.6,3.0
101184,2026-02-19 12:35:00,DRV_00026,VEH_00030,RTE_00014,SUP_00006,2507.49,43.11,14.2,2.0
101185,2026-02-24 01:14:00,DRV_00045,VEH_00062,RTE_00020,SUP_00017,5301.51,20.91,2.5,1.0
101186,2026-01-10 19:53:00,DRV_00021,VEH_00025,RTE_00015,SUP_00007,23622.28,11.26,12.3,1.0
101187,2026-02-23 00:05:00,DRV_00018,VEH_00027,RTE_00014,SUP_00005,24424.0,19.12,16.9,1.0
101188,2026-01-10 00:39:00,DRV_00037,VEH_00051,RTE_00025,SUP_00005,9718.35,8.77,8.6,1.0
101189,2026-02-08 09:58:00,DRV_00045,VEH_00078,RTE_00021,SUP_00726,23120.51,47.77,8.8,3.0
101190,2026-01-01 13:34:00,DRV_00032,VEH_00057,RTE_00024,SUP_00016,13848.2,25.58,7.2,3.0
101191,2026-02-22 19:57:00,DRV_00036,VEH_00047,RTE_00025,SUP_00019,7108.69,13.89,4.5,3.0
101192,2026-03-04 19:54:00,DRV_00017,VEH_00039,RTE_00026,SUP_00009,17708.77,29.53,7.5,3.0
101193,2026-01-02 16:43:00,DRV_00035,VEH_00016,RTE_00005,SUP_00005,16643.09,19.68,10.1,2.0
101194,2026-02-22 18:33:00,DRV_00049,VEH_00022,RTE_00006,SUP_00008,24733.57,52.32,17.7,1.0
101195,2026-02-22 17:16:00,DRV_00011,VEH_00054,RTE_00017,SUP_00009,6993.66,69.78,-1.5,3.0
101196,2026-02-20 21:59:00,DRV_00021,VEH_00021,RTE_00011,SUP_00005,16965.46,28.73,15.2,1.0
101197,2026-01-13 01:28:00,DRV_00026,VEH_00072,RTE_00016,SUP_00010,1774.58,61.3,15.8,2.0
101198,2026-01-11 15:28:00,DRV_00004,VEH_00016,RTE_00012,SUP_00002,3284.33,38.57,7.4,1.0
101199,2026-02-09 13:02:00,DRV_00034,VEH_00059,RTE_00015,SUP_00009,596.0,7.11,11.1,1.0
101200,2026-03-05 17:11:00,DRV_00048,VEH_00031,RTE_00023,SUP_00011,24986.79,48.18,15.9,3.0
101201,2026-03-10 20:11:00,DRV_00018,VEH_00042,RTE_00004,SUP_00004,20155.71,34.53,5.9,3.0
101202,2026-01-19 23:06:00,DRV_00040,VEH_00074,RTE_00027,SUP_00358,19774.71,45.1,17.2,2.0
101203,2026-03-01 08:11:00,DRV_00035,VEH_00032,RTE_00018,SUP_00358,12988.29,63.51,6.3,1.0
101204,2026-01-28 17:15:00,DRV_00041,VEH_00059,RTE_00021,SUP_00358,7851.64,28.91,18.6,3.0
101205,2026-01-26 20:19:00,DRV_00029,VEH_00034,RTE_00028,SUP_00002,4205.97,64.39,12.2,3.0
101206,2026-02-26 03:59:00,DRV_00029,VEH_00009,RTE_00003,SUP_00484,7474.53,52.8,17.0,3.0
101207,2026-02-14 21:24:00,DRV_00038,VEH_00011,RTE_00022,SUP_00006,9711.29,32.62,19.4,2.0
101208,2026-02-11 20:39:00,DRV_00042,VEH_00010,RTE_00008,SUP_00014,19029.6,41.45,12.9,1.0
101209,2026-02-06 19:48:00,DRV_00021,VEH_00017,RTE_00023,SUP_00001,13721.71,20.07,18.6,3.0
101210,2026-01-01 02:06:00,DRV_00042,VEH_00068,RTE_00052,SUP_00018,2398.35,70.74,3.4,1.0
101211,2026-02-06 08:09:00,DRV_00013,VEH_00048,RTE_00003,SUP_00007,941.71,46.39,13.5,2.0
101212,2026-01-20 04:32:00,DRV_00049,VEH_00052,RTE_00008,SUP_00001,3007.14,-1.62,9.0,1.0
101213,2026-02-15 08:30:00,DRV_00041,VEH_00025,RTE_00018,SUP_00001,10557.22,20.15,11.2,3.0
101214,2026-02-08 07:36:00,DRV_00017,VEH_00021,RTE_00010,SUP_00001,23363.23,43.0,4.5,1.0
101215,2026-03-01 18:26:00,DRV_00009,VEH_00065,RTE_00025,SUP_00101,16116.36,-0.66,-1.5,1.0
101216,2026-01-31 18:47:00,DRV_00041,VEH_00063,RTE_00020,SUP_00004,20144.73,-3.16,-1.5,2.0
101217,2026-02-17 20:24:00,DRV_00001,VEH_00051,RTE_00017,SUP_00004,11926.18,29.65,6.1,2.0
101218,2026-01-03 15:17:00,DRV_00002,VEH_00036,RTE_00008,SUP_00018,9360.82,20.62,2.0,1.0
101219,2026-02-03 06:02:00,DRV_00048,VEH_00066,RTE_00023,SUP_00011,3155.81,28.75,17.2,1.0
101220,2026-01-10 12:38:00,DRV_00029,VEH_00015,RTE_00011,SUP_00001,21960.36,15.23,8.2,1.0
101221,2026-01-25 00:00:00,DRV_00033,VEH_00039,RTE_00029,SUP_00010,19687.42,7.68,12.7,2.0
101222,2026-02-23 04:29:00,DRV_00010,VEH_00070,RTE_00052,SUP_00009,4618.89,48.06,6.2,2.0
101223,2026-01-16 08:36:00,DRV_00040,VEH_00001,RTE_00005,SUP_00484,13050.38,34.62,5.1,1.0
101224,2026-01-26 04:04:00,DRV_00021,VEH_00023,RTE_00026,SUP_00004,12440.68,10.41,6.1,2.0
101225,2026-01-02 03:25:00,DRV_00028,VEH_00039,RTE_00013,SUP_00006,15814.74,19.61,19.4,3.0
101226,2026-02-03 00:03:00,DRV_00011,VEH_00057,RTE_00021,SUP_00016,23681.58,40.57,8.9,2.0
101227,2026-01-14 08:56:00,DRV_00034,VEH_00034,RTE_00023,SUP_00002,14704.4,0.56,8.9,2.0
101228,2026-02-06 22:13:00,DRV_00008,VEH_00041,RTE_00005,SUP_00484,13735.32,6.35,7.9,2.0
101229,2026-01-26 23:50:00,DRV_00022,VEH_00073,RTE_00024,SUP_00018,1732.91,0.64,0.7,3.0
101230,2026-01-28 06:42:00,DRV_00008,VEH_00013,RTE_00027,SUP_00010,2041.23,57.55,7.9,3.0
101231,2026-02-14 00:14:00,DRV_00049,VEH_00070,RTE_00013,SUP_00101,5090.0,52.94,1.4,3.0
101232,2026-02-17 09:24:00,DRV_00015,VEH_00006,RTE_00006,SUP_00101,1295.53,53.01,0.5,1.0
101233,2026-01-09 02:54:00,DRV_00017,VEH_00052,RTE_00029,SUP_00017,18712.15,50.16,16.7,1.0
101234,2026-02-09 01:44:00,DRV_00023,VEH_00003,RTE_00005,SUP_00013,18221.59,46.54,10.1,3.0
101235,2026-02-22 03:00:00,DRV_00024,VEH_00063,RTE_00009,SUP_00101,3833.38,31.73,11.2,1.0
101236,2026-03-09 15:36:00,DRV_00045,VEH_00049,RTE_00027,SUP_00018,20983.93,44.46,6.0,1.0
101237,2026-02-09 23:05:00,DRV_00019,VEH_00076,RTE_00016,SUP_00358,4292.26,-2.05,18.6,1.0
101238,2026-01-28 05:44:00,DRV_00005,VEH_00047,RTE_00002,SUP_00013,7878.8,42.85,10.8,3.0
101239,2026-03-10 00:25:00,DRV_00032,VEH_00055,RTE_00001,SUP_00017,6599.93,54.9,13.4,2.0
101240,2026-01-10 04:24:00,DRV_00044,VEH_00064,RTE_00008,SUP_00005,9621.52,33.53,5.4,3.0
101241,2026-01-29 06:58:00,DRV_00001,VEH_00065,RTE_00028,SUP_00011,6739.26,22.53,18.6,3.0
101242,2026-01-18 11:10:00,DRV_00023,VEH_00067,RTE_00019,SUP_00007,12479.3,16.36,14.4,1.0
101243,2026-02-14 06:11:00,DRV_00037,VEH_00015,RTE_01007,SUP_00010,10481.49,44.5,15.1,1.0
101244,2026-02-04 12:08:00,DRV_00008,VEH_00032,RTE_00011,SUP_00017,24670.95,48.35,18.6,2.0
101245,2026-03-11 09:29:00,DRV_00013,VEH_00068,RTE_00028,SUP_00015,1870.2,62.06,3.4,2.0
101246,2026-02-21 01:09:00,DRV_00008,VEH_00018,RTE_00012,SUP_00018,3983.44,21.36,3.7,2.0
101247,2026-01-06 22:57:00,DRV_00023,VEH_00043,RTE_00012,SUP_00484,1794.23,54.27,3.4,2.0
101248,2026-01-06 14:30:00,DRV_00043,VEH_00035,RTE_00007,SUP_00358,15833.11,38.22,15.1,3.0
101249,2026-01-07 00:26:00,DRV_00001,VEH_00078,RTE_00026,SUP_00019,1835.48,62.98,-1.4,2.0
101250,2026-02-10 02:41:00,DRV_00045,VEH_00058,RTE_00013,SUP_00002,20992.77,35.64,-0.5,3.0
101251,2026-01-26 06:08:00,DRV_00024,VEH_00033,RTE_00027,SUP_00004,13042.5,34.86,3.5,1.0
101252,2026-01-05 17:03:00,DRV_00035,VEH_00014,RTE_00008,SUP_00003,13411.69,39.5,2.0,2.0
101253,2026-01-30 02:34:00,DRV_00024,VEH_00034,RTE_00727,SUP_00007,14259.07,52.7,2.6,1.0
101254,2026-02-18 23:07:00,DRV_00017,VEH_00061,RTE_00052,SUP_00101,4684.94,69.28,14.0,1.0
101255,2026-02-24 21:06:00,DRV_00005,VEH_00004,RTE_00029,SUP_00018,5343.41,0.66,9.3,3.0
101256,2026-02-16 21:26:00,DRV_00020,VEH_00059,RTE_00029,SUP_00010,8311.02,-0.89,-1.9,2.0
101257,2026-02-19 04:35:00,DRV_00021,VEH_00029,RTE_00022,SUP_00007,15040.66,67.19,6.6,3.0
101258,2026-02-01 18:45:00,DRV_00040,VEH_00006,RTE_00028,SUP_00008,5647.89,35.8,6.2,1.0
101259,2026-01-14 20:36:00,DRV_00031,VEH_00049,RTE_00026,SUP_00006,3350.13,42.35,0.3,2.0
101260,2026-03-03 00:55:00,DRV_00046,VEH_00040,RTE_01007,SUP_00358,24267.86,32.15,11.5,1.0
101261,2026-02-02 02:40:00,DRV_00036,VEH_00065,RTE_00009,SUP_00001,1038.55,2.21,12.0,1.0
101262,2026-01-26 19:08:00,DRV_00011,VEH_00069,RTE_00007,SUP_00004,20166.09,54.14,12.4,2.0
101263,2026-03-07 11:10:00,DRV_00015,VEH_00027,RTE_00727,SUP_00014,19806.86,52.54,12.6,2.0
101264,2026-01-04 07:17:00,DRV_00019,VEH_00006,RTE_00026,SUP_00017,7781.75,19.0,-2.0,2.0
101265,2026-01-14 06:17:00,DRV_00007,VEH_00013,RTE_00021,SUP_00726,3822.85,16.51,18.6,3.0
101266,2026-01-08 05:15:00,DRV_00028,VEH_00064,RTE_00024,SUP_00018,4067.9,59.51,14.3,3.0
101267,2026-01-12 06:41:00,DRV_00043,VEH_00062,RTE_00015,SUP_00011,17587.07,0.57,16.1,1.0
101268,2026-01-20 05:36:00,DRV_00005,VEH_00019,RTE_00002,SUP_00548,16248.76,47.73,-1.7,2.0
101269,2026-02-18 22:40:00,DRV_00005,VEH_00076,RTE_00023,SUP_00014,19677.27,14.76,18.6,1.0
101270,2026-02-02 01:23:00,DRV_00030,VEH_00043,RTE_00727,SUP_00009,23468.29,40.66,14.2,1.0
101271,2026-01-14 18:16:00,DRV_00032,VEH_00074,RTE_00020,SUP_00015,17452.22,67.07,14.7,1.0
101272,2026-02-04 14:40:00,DRV_00008,VEH_00020,RTE_00025,SUP_00012,4318.36,47.22,-0.1,1.0
101273,2026-02-06 16:53:00,DRV_00010,VEH_00068,RTE_00012,SUP_00010,6464.34,26.91,18.6,1.0
101274,2026-01-18 07:17:00,DRV_00038,VEH_00044,RTE_00001,SUP_00019,21133.75,48.09,17.2,2.0
101275,2026-03-09 04:11:00,DRV_00047,VEH_00023,RTE_00023,SUP_00101,5628.0,21.49,11.6,3.0
101276,2026-01-15 23:26:00,DRV_00032,VEH_00002,RTE_00022,SUP_00019,2276.8,16.35,9.4,2.0
101277,2026-02-22 09:32:00,DRV_00048,VEH_00022,RTE_00008,SUP_00006,17730.36,71.74,16.9,2.0
101278,2026-02-13 15:03:00,DRV_00028,VEH_00057,RTE_00005,SUP_00726,10361.9,34.08,6.9,2.0
101279,2026-01-15 10:46:00,DRV_00017,VEH_00072,RTE_00015,SUP_00101,23040.98,44.64,10.0,3.0
101280,2026-02-22 10:40:00,DRV_00031,VEH_00007,RTE_00001,SUP_00006,16431.25,22.36,7.5,3.0
101281,2026-01-02 05:19:00,DRV_00008,VEH_00078,RTE_00001,SUP_00008,2715.26,-1.21,16.7,3.0
101282,2026-01-30 03:09:00,DRV_00040,VEH_00056,RTE_00025,SUP_00001,23722.49,-2.61,-0.5,2.0
101283,2026-03-06 03:34:00,DRV_00025,VEH_00067,RTE_00727,SUP_00358,6834.65,37.67,8.0,3.0
101284,2026-01-02 17:22:00,DRV_00009,VEH_00016,RTE_00010,SUP_00017,8761.71,53.68,11.7,1.0
101285,2026-01-17 23:22:00,DRV_00002,VEH_00051,RTE_00022,SUP_00017,10355.38,36.38,13.8,3.0
101286,2026-01-24 09:59:00,DRV_00015,VEH_00072,RTE_00010,SUP_00101,1755.0,59.74,9.7,2.0
101287,2026-02-10 07:46:00,DRV_00003,VEH_00012,RTE_00021,SUP_00015,12664.63,-2.43,18.6,2.0
101288,2026-03-06 22:21:00,DRV_00049,VEH_00053,RTE_00015,SUP_00007,3521.3,23.24,16.8,1.0
101289,2026-01-02 10:39:00,DRV_00036,VEH_00075,RTE_00017,SUP_00019,10323.77,13.25,-0.7,3.0
101290,2026-01-02 21:17:00,DRV_00004,VEH_00005,RTE_00022,SUP_00358,9092.39,29.44,6.0,3.0
101291,2026-02-11 10:36:00,DRV_00014,VEH_00027,RTE_00006,SUP_00484,19434.58,0.57,-1.5,1.0
101292,2026-01-20 09:52:00,DRV_00041,VEH_00012,RTE_00003,SUP_00003,20177.68,68.47,4.6,2.0
101293,2026-03-02 00:44:00,DRV_00041,VEH_00017,RTE_00013,SUP_00358,4258.62,12.19,8.7,2.0
101294,2026-01-30 11:40:00,DRV_00025,VEH_00006,RTE_00016,SUP_00011,9480.5,66.02,16.2,3.0
101295,2026-03-04 18:37:00,DRV_00010,VEH_00005,RTE_00008,SUP_00726,9647.15,19.18,14.9,3.0
101296,2026-02-20 14:07:00,DRV_00021,VEH_00057,RTE_01007,SUP_00019,4209.56,70.89,0.5,3.0
101297,2026-03-07 00:07:00,DRV_00036,VEH_00028,RTE_00015,SUP_00009,20062.11,37.66,-0.1,3.0
101298,2026-03-03 21:06:00,DRV_00012,VEH_00078,RTE_00017,SUP_00010,17827.09,66.67,9.8,3.0
101299,2026-01-13 19:29:00,DRV_00027,VEH_00069,RTE_00017,SUP_00002,5164.35,-4.59,18.6,2.0
101300,2026-01-24 06:56:00,DRV_00040,VEH_00059,RTE_00022,SUP_00001,9484.69,52.61,3.3,2.0
101301,2026-02-14 11:57:00,DRV_00002,VEH_00033,RTE_00026,SUP_00016,3092.22,64.53,18.6,2.0
101302,2026-01-27 13:38:00,DRV_00013,VEH_00062,RTE_00013,SUP_00018,15891.06,5.76,16.5,2.0
101303,2026-02-03 13:02:00,DRV_00032,VEH_00050,RTE_00017,SUP_00484,3473.61,2.4,6.1,1.0
101304,2026-01-21 01:05:00,DRV_00031,VEH_00019,RTE_00006,SUP_00017,24655.39,27.69,15.8,2.0
101305,2026-01-05 14:45:00,DRV_00016,VEH_00069,RTE_00017,SUP_00006,19626.71,66.89,5.7,1.0
101306,2026-01-27 09:20:00,DRV_00032,VEH_00066,RTE_00016,SUP_00014,10060.84,36.76,12.7,2.0
101307,2026-01-19 13:37:00,DRV_00032,VEH_00047,RTE_00014,SUP_00484,14674.82,35.61,7.5,3.0
101308,2026-01-08 23:25:00,DRV_00034,VEH_00039,RTE_00013,SUP_00015,22827.87,5.87,0.5,3.0
101309,2026-01-27 18:45:00,DRV_00011,VEH_00068,RTE_00006,SUP_00014,14075.43,-4.94,16.6,3.0
101310,2026-01-18 17:22:00,DRV_00010,VEH_00033,RTE_00003,SUP_00101,4775.21,57.38,7.1,1.0
101311,2026-02-15 05:55:00,DRV_00015,VEH_00013,RTE_00014,SUP_00358,9778.23,1.74,12.7,2.0
101312,2026-02-08 07:28:00,DRV_00017,VEH_00054,RTE_00014,SUP_00003,21157.05,43.81,5.3,2.0
101313,2026-02-06 10:47:00,DRV_00040,VEH_00007,RTE_00015,SUP_00101,16283.22,65.43,-1.6,1.0
101314,2026-01-09 13:42:00,DRV_00018,VEH_00079,RTE_00008,SUP_00484,16442.75,11.07,0.0,1.0
101315,2026-01-29 08:06:00,DRV_00009,VEH_00014,RTE_00029,SUP_00019,21737.13,46.23,7.9,1.0
101316,2026-02-03 20:50:00,DRV_00025,VEH_00019,RTE_00015,SUP_00012,22402.34,1.06,11.8,1.0
101317,2026-02-24 14:23:00,DRV_00040,VEH_00054,RTE_00022,SUP_00002,23034.92,41.49,4.7,1.0
101318,2026-03-11 07:05:00,DRV_00014,VEH_00020,RTE_00029,SUP_00003,2823.81,7.62,11.9,3.0
101319,2026-02-22 12:29:00,DRV_00025,VEH_00029,RTE_00027,SUP_00018,13831.09,51.67,12.0,2.0
101320,2026-02-06 12:43:00,DRV_00022,VEH_00024,RTE_00013,SUP_00001,18642.48,18.19,-1.5,1.0
101321,2026-02-26 22:14:00,DRV_00030,VEH_00063,RTE_00017,SUP_00726,19044.71,21.45,7.9,3.0
101322,2026-01-19 07:59:00,DRV_00020,VEH_00074,RTE_00727,SUP_00548,15364.55,52.4,16.3,1.0
101323,2026-03-01 07:02:00,DRV_00021,VEH_00057,RTE_00021,SUP_00006,4586.29,8.19,7.8,3.0
101324,2026-02-26 10:04:00,DRV_00044,VEH_00008,RTE_00024,SUP_00005,20036.8,52.11,7.0,1.0
101325,2026-02-23 03:34:00,DRV_00032,VEH_00062,RTE_00003,SUP_00001,18142.73,18.3,2.0,2.0
101326,2026-02-08 06:26:00,DRV_00046,VEH_00029,RTE_00028,SUP_00019,2610.33,46.0,4.2,1.0
101327,2026-01-22 07:18:00,DRV_00049,VEH_00074,RTE_00006,SUP_00001,11863.34,7.19,-1.2,1.0
101328,2026-02-22 22:18:00,DRV_00021,VEH_00017,RTE_00005,SUP_00548,4762.45,20.63,10.7,2.0
101329,2026-02-13 21:50:00,DRV_00035,VEH_00066,RTE_00022,SUP_00548,8768.19,21.1,3.0,2.0
101330,2026-02-21 10:15:00,DRV_00032,VEH_00006,RTE_00026,SUP_00016,942.99,27.75,4.1,1.0
101331,2026-02-09 03:33:00,DRV_00030,VEH_00058,RTE_00017,SUP_00012,10308.08,14.03,13.4,2.0
101332,2026-01-22 20:40:00,DRV_00039,VEH_00069,RTE_00023,SUP_00358,13971.98,52.62,4.5,2.0
101333,2026-03-01 04:30:00,DRV_00049,VEH_00028,RTE_00025,SUP_00008,15679.77,15.18,2.8,3.0
101334,2026-02-17 19:16:00,DRV_00012,VEH_00062,RTE_00002,SUP_00016,16755.51,62.89,1.4,2.0
101335,2026-02-20 04:18:00,DRV_00041,VEH_00041,RTE_00026,SUP_00001,20989.14,63.67,13.5,2.0
101336,2026-01-28 18:26:00,DRV_00047,VEH_00069,RTE_00015,SUP_00004,5778.84,10.13,0.6,1.0
101337,2026-01-17 18:40:00,DRV_00018,VEH_00041,RTE_00005,SUP_00010,3451.8,42.27,7.1,1.0
101338,2026-03-01 10:35:00,DRV_00021,VEH_00049,RTE_00026,SUP_00011,21362.66,1.75,8.1,3.0
101339,2026-02-24 22:31:00,DRV_00013,VEH_00049,RTE_00020,SUP_00017,4337.01,25.15,11.7,1.0
101340,2026-02-15 02:09:00,DRV_00021,VEH_00076,RTE_00006,SUP_00484,24381.62,49.93,10.7,2.0
101341,2026-02-21 01:06:00,DRV_00008,VEH_00071,RTE_00006,SUP_00007,21142.19,45.78,19.4,2.0
101342,2026-01-25 05:51:00,DRV_00046,VEH_00003,RTE_00027,SUP_00012,12771.48,43.1,-1.1,2.0
101343,2026-03-02 12:07:00,DRV_00040,VEH_00010,RTE_00052,SUP_00548,24544.82,52.0,3.9,1.0
101344,2026-01-23 02:21:00,DRV_00046,VEH_00035,RTE_00018,SUP_00007,2885.73,24.11,3.6,2.0
101345,2026-02-22 02:39:00,DRV_00007,VEH_00002,RTE_00018,SUP_00012,7925.11,2.93,0.9,2.0
101346,2026-02-12 00:55:00,DRV_00023,VEH_00024,RTE_00004,SUP_00015,16136.5,50.36,3.8,3.0
101347,2026-02-28 15:38:00,DRV_00044,VEH_00074,RTE_00017,SUP_00002,9075.17,33.8,4.2,3.0
101348,2026-01-09 10:55:00,DRV_00032,VEH_00038,RTE_00025,SUP_00014,23245.13,49.57,8.4,3.0
101349,2026-02-08 00:51:00,DRV_00011,VEH_00022,RTE_00014,SUP_00013,2107.84,14.17,11.3,1.0
101350,2026-03-02 08:45:00,DRV_00022,VEH_00026,RTE_00014,SUP_00004,13960.59,19.98,5.6,2.0
101351,2026-02-16 01:58:00,DRV_00022,VEH_00043,RTE_00013,SUP_00014,14976.22,20.73,12.4,2.0
101352,2026-01-13 00:47:00,DRV_00043,VEH_00055,RTE_00007,SUP_00014,16491.84,-3.02,4.7,2.0
101353,2026-02-02 16:17:00,DRV_00025,VEH_00039,RTE_00052,SUP_00016,6763.82,21.26,3.8,3.0
101354,2026-01-05 06:30:00,DRV_00022,VEH_00029,RTE_00012,SUP_00007,9431.88,56.85,8.8,2.0
101355,2026-01-04 01:45:00,DRV_00028,VEH_00020,RTE_00023,SUP_00019,21170.17,64.09,18.6,2.0
101356,2026-01-12 03:12:00,DRV_00029,VEH_00041,RTE_00015,SUP_00002,5276.1,34.9,-0.4,2.0
101357,2026-01-02 12:38:00,DRV_00013,VEH_00054,RTE_00019,SUP_00010,20758.26,30.07,6.4,2.0
101358,2026-02-12 00:20:00,DRV_00018,VEH_00020,RTE_00727,SUP_00018,14285.06,-2.63,16.9,2.0
101359,2026-02-07 01:54:00,DRV_00002,VEH_00019,RTE_00011,SUP_00017,19173.59,62.7,12.4,1.0
101360,2026-01-14 22:39:00,DRV_00029,VEH_00066,RTE_00015,SUP_00005,17983.38,-4.0,-0.2,2.0
101361,2026-01-26 03:40:00,DRV_00021,VEH_00030,RTE_00012,SUP_00012,5584.03,67.75,14.9,1.0
101362,2026-01-30 01:54:00,DRV_00015,VEH_00053,RTE_00003,SUP_00006,14435.91,32.67,12.6,2.0
101363,2026-01-10 14:59:00,DRV_00027,VEH_00034,RTE_00017,SUP_00358,21759.22,21.33,10.2,1.0
101364,2026-02-05 01:00:00,DRV_00031,VEH_00022,RTE_00003,SUP_00009,11086.85,66.16,14.4,2.0
101365,2026-01-22 19:39:00,DRV_00015,VEH_00067,RTE_00019,SUP_00726,24181.47,38.84,6.1,2.0
101366,2026-01-07 01:05:00,DRV_00023,VEH_00006,RTE_00020,SUP_00001,11579.27,39.77,2.4,2.0
101367,2026-01-30 18:40:00,DRV_00024,VEH_00079,RTE_00004,SUP_00358,3998.25,37.27,18.6,2.0
101368,2026-01-17 03:16:00,DRV_00044,VEH_00027,RTE_00003,SUP_00015,10041.15,11.89,19.4,3.0
101369,2026-03-03 01:55:00,DRV_00013,VEH_00010,RTE_00052,SUP_00548,23816.71,56.49,8.8,2.0
101370,2026-03-01 09:14:00,DRV_00022,VEH_00073,RTE_00026,SUP_00006,8333.16,45.22,9.3,1.0
101371,2026-01-11 15:58:00,DRV_00043,VEH_00048,RTE_00016,SUP_00019,21768.4,50.99,17.0,3.0
101372,2026-03-11 05:53:00,DRV_00037,VEH_00070,RTE_00012,SUP_00018,22090.64,-4.94,16.0,3.0
101373,2026-03-07 21:54:00,DRV_00033,VEH_00059,RTE_00008,SUP_00006,9079.57,67.14,15.5,2.0
101374,2026-02-23 09:58:00,DRV_00003,VEH_00059,RTE_00024,SUP_00013,2539.81,7.67,14.0,1.0
101375,2026-01-11 03:16:00,DRV_00019,VEH_00002,RTE_00029,SUP_00001,18251.67,12.99,16.9,1.0
101376,2026-01-24 07:32:00,DRV_00023,VEH_00029,RTE_00029,SUP_00484,8132.05,15.29,-0.0,3.0
101377,2026-02-24 16:37:00,DRV_00029,VEH_00068,RTE_00017,SUP_00484,19681.63,-2.09,3.3,1.0
101378,2026-01-01 21:19:00,DRV_00030,VEH_00065,RTE_00007,SUP_00013,11345.04,4.48,7.9,2.0
101379,2026-02-13 21:17:00,DRV_00039,VEH_00026,RTE_00011,SUP_00007,12389.04,70.95,14.9,2.0
101380,2026-02-13 09:56:00,DRV_00044,VEH_00010,RTE_00018,SUP_00015,19558.78,19.27,19.4,2.0
101381,2026-01-05 22:03:00,DRV_00047,VEH_00053,RTE_00001,SUP_00012,9867.9,3.88,13.0,2.0
101382,2026-01-13 08:11:00,DRV_00025,VEH_00079,RTE_00003,SUP_00001,11356.62,3.24,0.8,2.0
101383,2026-01-21 19:35:00,DRV_00037,VEH_00059,RTE_00052,SUP_00015,9716.67,50.4,3.0,3.0
101384,2026-02-01 16:48:00,DRV_00047,VEH_00022,RTE_00004,SUP_00004,9499.84,60.8,19.4,2.0
101385,2026-02-03 12:45:00,DRV_00008,VEH_00051,RTE_00013,SUP_00013,13385.69,14.79,1.3,2.0
101386,2026-01-14 05:43:00,DRV_00042,VEH_00048,RTE_00006,SUP_00484,20315.59,-3.39,5.0,3.0
101387,2026-02-16 23:22:00,DRV_00016,VEH_00021,RTE_00026,SUP_00005,9363.32,12.18,3.3,3.0
101388,2026-03-04 13:33:00,DRV_00008,VEH_00022,RTE_00052,SUP_00002,13344.24,-0.65,18.6,3.0
101389,2026-03-01 19:43:00,DRV_00001,VEH_00030,RTE_00014,SUP_00484,16932.82,2.96,12.2,1.0
101390,2026-01-27 02:39:00,DRV_00044,VEH_00025,RTE_00005,SUP_00001,7101.27,28.23,18.6,1.0
101391,2026-02-06 01:20:00,DRV_00005,VEH_00028,RTE_00016,SUP_00016,7299.31,12.7,9.1,2.0
101392,2026-01-20 19:29:00,DRV_00003,VEH_00065,RTE_00015,SUP_00484,23368.62,34.73,-0.0,2.0
101393,2026-01-25 23:14:00,DRV_00001,VEH_00045,RTE_00015,SUP_00006,18226.6,14.52,14.1,2.0
101394,2026-01-20 08:16:00,DRV_00004,VEH_00068,RTE_01007,SUP_00484,14641.07,67.42,5.4,1.0
101395,2026-01-02 18:53:00,DRV_00040,VEH_00007,RTE_00004,SUP_00016,16369.14,64.76,11.0,2.0
101396,2026-02-24 09:44:00,DRV_00035,VEH_00049,RTE_00008,SUP_00014,1217.84,38.64,12.5,2.0
101397,2026-01-25 13:27:00,DRV_00032,VEH_00009,RTE_00027,SUP_00003,15643.52,22.29,2.2,1.0
101398,2026-03-11 04:08:00,DRV_00042,VEH_00036,RTE_00016,SUP_00015,12982.97,24.35,15.7,3.0
101399,2026-02-12 04:54:00,DRV_00034,VEH_00001,RTE_00028,SUP_00003,13870.87,26.71,19.4,1.0
101400,2026-01-17 11:52:00,DRV_00043,VEH_00010,RTE_00016,SUP_00484,9305.88,51.02,6.6,2.0
101401,2026-02-08 05:09:00,DRV_00025,VEH_00036,RTE_01007,SUP_00002,2496.11,29.78,1.6,1.0
101402,2026-01-13 06:45:00,DRV_00010,VEH_00073,RTE_00004,SUP_00001,5236.81,60.97,16.8,3.0
101403,2026-02-05 21:33:00,DRV_00021,VEH_00046,RTE_00013,SUP_00009,23793.25,67.7,13.1,3.0
101404,2026-02-08 20:41:00,DRV_00046,VEH_00032,RTE_00026,SUP_00009,10513.14,20.87,2.2,3.0
101405,2026-02-23 09:48:00,DRV_00039,VEH_00032,RTE_00028,SUP_00484,11933.74,38.17,4.8,3.0
101406,2026-02-21 18:12:00,DRV_00027,VEH_00006,RTE_00052,SUP_00007,1791.39,2.32,14.2,3.0
101407,2026-02-26 22:34:00,DRV_00027,VEH_00048,RTE_00013,SUP_00003,1420.37,10.44,11.9,3.0
101408,2026-02-08 23:33:00,DRV_00002,VEH_00038,RTE_00002,SUP_00018,18070.95,26.84,13.3,2.0
101409,2026-03-09 15:45:00,DRV_00041,VEH_00017,RTE_00727,SUP_00011,13683.32,10.88,6.8,2.0
101410,2026-02-12 13:08:00,DRV_00048,VEH_00074,RTE_00003,SUP_00007,12963.3,62.5,18.6,1.0
101411,2026-03-06 00:41:00,DRV_00013,VEH_00027,RTE_00022,SUP_00009,6456.55,7.19,5.7,2.0
101412,2026-01-27 13:23:00,DRV_00009,VEH_00054,RTE_00008,SUP_00001,18746.39,30.09,2.2,3.0
101413,2026-02-09 20:24:00,DRV_00036,VEH_00050,RTE_00024,SUP_00014,4621.8,41.64,10.7,2.0
101414,2026-01-22 23:33:00,DRV_00022,VEH_00035,RTE_00015,SUP_00726,5153.4,47.2,17.5,1.0
101415,2026-01-19 12:17:00,DRV_00042,VEH_00025,RTE_00011,SUP_00006,11787.45,24.5,4.2,3.0
101416,2026-01-28 17:52:00,DRV_00026,VEH_00028,RTE_00727,SUP_00007,7513.86,61.92,-1.5,2.0
101417,2026-01-16 09:40:00,DRV_00012,VEH_00015,RTE_00009,SUP_00010,6562.84,38.76,11.5,2.0
101418,2026-03-09 15:52:00,DRV_00017,VEH_00004,RTE_00007,SUP_00007,16308.32,28.84,8.8,1.0
101419,2026-02-24 10:51:00,DRV_00014,VEH_00073,RTE_00013,SUP_00002,16448.81,0.18,14.9,3.0
101420,2026-01-02 03:02:00,DRV_00014,VEH_00027,RTE_00002,SUP_00004,20700.67,30.78,13.2,1.0
101421,2026-02-03 20:36:00,DRV_00034,VEH_00026,RTE_00008,SUP_00548,10733.86,50.58,-0.8,3.0
101422,2026-01-29 08:09:00,DRV_00020,VEH_00019,RTE_00007,SUP_00017,2290.58,42.32,18.0,3.0
101423,2026-01-12 14:45:00,DRV_00011,VEH_00017,RTE_00024,SUP_00001,7204.83,59.08,13.0,2.0
101424,2026-02-12 15:16:00,DRV_00016,VEH_00043,RTE_00012,SUP_00010,24510.13,33.04,15.3,1.0
101425,2026-02-05 13:46:00,DRV_00031,VEH_00041,RTE_00019,SUP_00019,15108.34,4.12,11.0,1.0
101426,2026-02-26 09:02:00,DRV_00006,VEH_00042,RTE_00007,SUP_00015,17888.56,-3.95,15.1,1.0
101427,2026-02-27 08:05:00,DRV_00019,VEH_00050,RTE_00010,SUP_00010,680.27,18.35,0.2,3.0
101428,2026-01-21 10:02:00,DRV_00037,VEH_00040,RTE_00029,SUP_00019,13196.04,48.75,5.0,1.0
101429,2026-01-03 23:03:00,DRV_00004,VEH_00039,RTE_00025,SUP_00012,1419.45,55.85,15.5,3.0
101430,2026-03-09 00:43:00,DRV_00047,VEH_00023,RTE_00016,SUP_00101,14446.14,17.77,18.6,1.0
101431,2026-02-02 12:28:00,DRV_00004,VEH_00052,RTE_00003,SUP_00016,23058.89,33.17,-0.4,1.0
101432,2026-02-03 06:44:00,DRV_00020,VEH_00047,RTE_01007,SUP_00009,24226.27,27.43,13.8,2.0
101433,2026-02-21 12:22:00,DRV_00010,VEH_00063,RTE_00010,SUP_00015,13743.54,26.61,14.7,1.0
101434,2026-03-06 15:05:00,DRV_00024,VEH_00069,RTE_00006,SUP_00017,11726.02,12.81,1.3,2.0
101435,2026-02-11 00:12:00,DRV_00035,VEH_00043,RTE_00018,SUP_00014,23652.92,5.5,19.4,2.0
101436,2026-01-09 02:24:00,DRV_00026,VEH_00048,RTE_00018,SUP_00018,17003.44,10.15,11.7,3.0
101437,2026-01-25 19:37:00,DRV_00037,VEH_00034,RTE_00005,SUP_00002,2090.03,-0.74,8.4,1.0
101438,2026-03-04 04:43:00,DRV_00038,VEH_00040,RTE_00021,SUP_00004,11910.28,10.26,-1.5,1.0
101439,2026-01-21 09:33:00,DRV_00021,VEH_00075,RTE_00029,SUP_00018,6386.0,-4.29,6.4,1.0
101440,2026-01-26 06:37:00,DRV_00040,VEH_00061,RTE_00007,SUP_00007,12010.21,43.3,1.9,2.0
101441,2026-03-01 19:45:00,DRV_00039,VEH_00050,RTE_00028,SUP_00013,11658.91,19.36,3.7,1.0
101442,2026-01-27 21:09:00,DRV_00021,VEH_00067,RTE_00002,SUP_00015,14762.55,69.93,8.1,3.0
101443,2026-02-12 10:40:00,DRV_00010,VEH_00062,RTE_00011,SUP_00484,9240.88,9.92,8.6,3.0
101444,2026-01-14 08:50:00,DRV_00038,VEH_00058,RTE_01007,SUP_00358,4524.63,21.63,14.1,1.0
101445,2026-01-15 16:52:00,DRV_00046,VEH_00033,RTE_00013,SUP_00001,12841.13,22.55,13.8,2.0
101446,2026-01-09 00:35:00,DRV_00004,VEH_00075,RTE_00023,SUP_00011,20839.97,-4.35,9.6,3.0
101447,2026-03-02 16:50:00,DRV_00045,VEH_00016,RTE_00005,SUP_00010,16768.3,59.62,13.6,3.0
101448,2026-02-24 14:17:00,DRV_00020,VEH_00048,RTE_01007,SUP_00005,8790.01,-2.54,1.8,2.0
101449,2026-02-06 23:56:00,DRV_00017,VEH_00010,RTE_00006,SUP_00016,23420.31,67.39,-1.0,3.0
101450,2026-02-09 22:12:00,DRV_00007,VEH_00038,RTE_00024,SUP_00011,22849.09,63.69,15.5,2.0
101451,2026-02-06 19:22:00,DRV_00004,VEH_00019,RTE_00026,SUP_00548,5629.04,24.03,-0.5,3.0
101452,2026-03-04 05:19:00,DRV_00029,VEH_00036,RTE_00029,SUP_00006,1465.73,36.86,19.4,2.0
101453,2026-02-20 05:55:00,DRV_00014,VEH_00059,RTE_00014,SUP_00009,18662.06,45.34,11.9,3.0
101454,2026-03-05 08:48:00,DRV_00003,VEH_00063,RTE_00012,SUP_00013,20776.45,24.8,18.6,1.0
101455,2026-01-18 04:42:00,DRV_00024,VEH_00077,RTE_00004,SUP_00101,24212.68,44.84,15.5,3.0
101456,2026-01-08 16:06:00,DRV_00037,VEH_00046,RTE_00029,SUP_00008,22300.99,-1.55,4.0,3.0
101457,2026-03-09 08:39:00,DRV_00016,VEH_00003,RTE_00023,SUP_00014,15213.1,-0.84,18.6,1.0
101458,2026-01-20 23:29:00,DRV_00004,VEH_00074,RTE_00006,SUP_00101,13486.28,30.21,4.0,1.0
101459,2026-02-07 00:22:00,DRV_00024,VEH_00065,RTE_00052,SUP_00001,1182.11,37.32,9.6,1.0
101460,2026-01-17 01:50:00,DRV_00034,VEH_00008,RTE_00010,SUP_00017,6543.08,63.36,5.5,1.0
101461,2026-02-17 09:27:00,DRV_00030,VEH_00051,RTE_00018,SUP_00101,11760.56,3.06,8.7,2.0
101462,2026-01-04 08:53:00,DRV_00018,VEH_00073,RTE_00015,SUP_00005,15898.35,58.34,15.5,2.0
101463,2026-03-07 16:53:00,DRV_00019,VEH_00006,RTE_00008,SUP_00002,14152.67,11.17,16.2,3.0
101464,2026-03-04 01:59:00,DRV_00031,VEH_00039,RTE_00026,SUP_00101,18694.58,25.34,18.6,3.0
101465,2026-01-16 03:12:00,DRV_00019,VEH_00060,RTE_00052,SUP_00009,7354.29,19.38,7.2,3.0
101466,2026-02-11 01:29:00,DRV_00049,VEH_00028,RTE_00009,SUP_00004,14341.34,25.81,9.0,2.0
101467,2026-02-21 17:18:00,DRV_00046,VEH_00054,RTE_00005,SUP_00017,2659.48,6.59,17.0,3.0
101468,2026-02-16 17:38:00,DRV_00019,VEH_00037,RTE_00010,SUP_00017,10634.81,33.77,18.0,3.0
101469,2026-01-23 05:07:00,DRV_00022,VEH_00009,RTE_00020,SUP_00548,18878.94,33.52,2.7,2.0
101470,2026-01-12 00:10:00,DRV_00024,VEH_00056,RTE_00006,SUP_00018,17488.32,29.0,12.5,3.0
101471,2026-01-09 09:52:00,DRV_00045,VEH_00059,RTE_00016,SUP_00016,24770.75,32.78,5.6,2.0
101472,2026-01-17 16:58:00,DRV_00012,VEH_00002,RTE_00024,SUP_00008,7308.33,60.36,-1.8,2.0
101473,2026-02-01 13:00:00,DRV_00030,VEH_00061,RTE_00027,SUP_00011,12705.64,49.37,-1.8,1.0
101474,2026-01-28 00:10:00,DRV_00038,VEH_00058,RTE_00727,SUP_00548,8573.5,42.04,7.2,1.0
101475,2026-02-15 20:17:00,DRV_00031,VEH_00060,RTE_00003,SUP_00548,11294.78,22.21,7.8,2.0
101476,2026-02-02 20:24:00,DRV_00036,VEH_00040,RTE_00010,SUP_00018,21495.28,63.14,-1.5,2.0
101477,2026-01-23 20:41:00,DRV_00019,VEH_00036,RTE_00011,SUP_00484,17263.12,39.43,11.7,1.0
101478,2026-01-02 01:24:00,DRV_00048,VEH_00037,RTE_00011,SUP_00101,22119.81,12.03,3.9,3.0
101479,2026-01-11 10:48:00,DRV_00045,VEH_00079,RTE_00017,SUP_00010,5486.02,15.72,9.2,3.0
101480,2026-01-25 09:11:00,DRV_00036,VEH_00018,RTE_00052,SUP_00013,21897.35,56.84,4.0,3.0
101481,2026-01-27 07:44:00,DRV_00030,VEH_00063,RTE_00004,SUP_00017,1964.18,-1.6,1.3,2.0
101482,2026-02-08 03:12:00,DRV_00049,VEH_00022,RTE_00727,SUP_00018,22270.68,71.39,6.1,1.0
101483,2026-01-24 14:48:00,DRV_00033,VEH_00011,RTE_00004,SUP_00010,8562.31,5.04,2.6,3.0
101484,2026-01-01 01:00:00,DRV_00018,VEH_00058,RTE_00017,SUP_00016,8207.4,56.3,8.7,1.0
101485,2026-02-21 20:26:00,DRV_00049,VEH_00057,RTE_00009,SUP_00726,13046.17,33.41,2.0,1.0
101486,2026-02-28 00:39:00,DRV_00028,VEH_00077,RTE_00019,SUP_00005,23546.91,32.9,8.2,2.0
101487,2026-02-08 10:17:00,DRV_00047,VEH_00004,RTE_00005,SUP_00013,1670.64,62.81,1.1,3.0
101488,2026-01-10 06:30:00,DRV_00011,VEH_00007,RTE_00052,SUP_00018,9129.66,26.79,11.4,1.0
101489,2026-01-17 21:54:00,DRV_00045,VEH_00061,RTE_00022,SUP_00017,21486.01,36.39,13.1,2.0
101490,2026-02-01 09:06:00,DRV_00033,VEH_00054,RTE_00024,SUP_00009,10203.33,-1.2,0.2,2.0
101491,2026-01-20 13:05:00,DRV_00017,VEH_00068,RTE_00006,SUP_00014,5379.34,-4.82,7.4,2.0
101492,2026-01-24 15:00:00,DRV_00006,VEH_00079,RTE_00003,SUP_00017,10907.46,13.85,-0.6,3.0
101493,2026-03-01 19:23:00,DRV_00004,VEH_00001,RTE_00022,SUP_00004,9946.04,47.4,18.6,3.0
101494,2026-02-22 05:06:00,DRV_00020,VEH_00055,RTE_00001,SUP_00018,22927.7,4.34,3.3,2.0
101495,2026-03-01 08:29:00,DRV_00048,VEH_00003,RTE_00020,SUP_00726,19167.39,42.62,8.6,3.0
101496,2026-01-15 07:01:00,DRV_00047,VEH_00078,RTE_00022,SUP_00101,12875.33,26.64,8.3,3.0
101497,2026-03-03 18:09:00,DRV_00027,VEH_00038,RTE_00016,SUP_00101,24715.08,44.88,18.6,1.0
101498,2026-01-17 00:11:00,DRV_00015,VEH_00001,RTE_00023,SUP_00015,11899.3,49.83,9.0,2.0
101499,2026-02-05 17:54:00,DRV_00006,VEH_00038,RTE_00011,SUP_00011,1926.83,8.74,9.7,2.0
101500,2026-03-05 17:08:00,DRV_00047,VEH_00029,RTE_00013,SUP_00012,6925.72,1.13,6.0,3.0
